SN,Commodity,Date,Unit,Minimum,Maximum,Average
63,Ginger,16-06-2013,Kg,140,150,145
136,Ginger,17-06-2013,Kg,140,150,145
209,Ginger,18-06-2013,Kg,140,150,145
282,Ginger,19-06-2013,Kg,140,150,145
356,Ginger,20-06-2013,Kg,140,150,145
430,Ginger,21-06-2013,Kg,130,140,135
503,Ginger,25-06-2013,Kg,140,150,145
576,Ginger,26-06-2013,Kg,130,140,135
648,Ginger,27-06-2013,Kg,130,140,135
718,Ginger,28-06-2013,Kg,130,140,135
789,Ginger,30-06-2013,Kg,130,140,135
859,Ginger,01-07-2013,Kg,140,150,145
927,Ginger,02-07-2013,Kg,150,160,155
997,Ginger,03-07-2013,Kg,150,160,155
1067,Ginger,04-07-2013,Kg,150,160,155
1136,Ginger,05-07-2013,Kg,150,160,155
1206,Ginger,09-07-2013,Kg,150,160,155
1277,Ginger,10-07-2013,Kg,150,160,155
1346,Ginger,11-07-2013,Kg,150,160,155
1416,Ginger,12-07-2013,Kg,160,170,165
1486,Ginger,14-07-2013,Kg,160,170,165
1554,Ginger,15-07-2013,Kg,160,170,165
1623,Ginger,16-07-2013,Kg,150,160,155
1693,Ginger,17-07-2013,Kg,170,180,175
1764,Ginger,18-07-2013,Kg,160,170,165
1834,Ginger,19-07-2013,Kg,160,170,165
1905,Ginger,21-07-2013,Kg,170,180,175
1976,Ginger,22-07-2013,Kg,170,180,175
2045,Ginger,23-07-2013,Kg,170,180,175
2114,Ginger,24-07-2013,Kg,170,180,175
2184,Ginger,25-07-2013,Kg,170,180,175
2253,Ginger,26-07-2013,Kg,170,180,175
2322,Ginger,28-07-2013,Kg,170,180,175
2390,Ginger,29-07-2013,Kg,170,180,175
2457,Ginger,30-07-2013,Kg,170,180,175
2523,Ginger,31-07-2013,Kg,170,180,175
2590,Ginger,01-08-2013,Kg,170,180,175
2658,Ginger,02-08-2013,Kg,170,180,175
2725,Ginger,04-08-2013,Kg,170,180,175
2791,Ginger,05-08-2013,Kg,160,170,165
2856,Ginger,06-08-2013,Kg,160,170,165
2922,Ginger,07-08-2013,Kg,150,160,155
2990,Ginger,08-08-2013,Kg,140,150,145
3098,Ginger,13-08-2013,Kg,145,160,152.5
3168,Ginger,14-08-2013,Kg,150,160,155
3236,Ginger,15-08-2013,Kg,150,160,155
3307,Ginger,16-08-2013,Kg,150,160,155
3378,Ginger,18-08-2013,Kg,150,160,155
3448,Ginger,19-08-2013,Kg,150,160,155
3519,Ginger,20-08-2013,Kg,180,190,185
3590,Ginger,23-08-2013,Kg,180,190,185
3661,Ginger,25-08-2013,Kg,170,180,175
3732,Ginger,26-08-2013,Kg,170,180,175
3802,Ginger,27-08-2013,Kg,150,160,155
3871,Ginger,29-08-2013,Kg,150,160,155
3942,Ginger,30-08-2013,Kg,150,160,155
4010,Ginger,01-09-2013,Kg,140,150,145
4079,Ginger,02-09-2013,Kg,140,150,145
4146,Ginger,03-09-2013,Kg,140,150,145
4216,Ginger,04-09-2013,Kg,120,130,125
4286,Ginger,05-09-2013,Kg,120,130,125
4356,Ginger,06-09-2013,Kg,120,130,125
4427,Ginger,08-09-2013,Kg,120,130,125
4498,Ginger,09-09-2013,Kg,140,150,145
4569,Ginger,10-09-2013,Kg,140,150,145
4640,Ginger,11-09-2013,Kg,140,150,145
4710,Ginger,12-09-2013,Kg,140,150,145
4779,Ginger,13-09-2013,Kg,140,150,145
4848,Ginger,15-09-2013,Kg,100,120,110
4918,Ginger,16-09-2013,Kg,110,120,115
4988,Ginger,17-09-2013,Kg,110,120,115
5058,Ginger,19-09-2013,Kg,110,120,115
5128,Ginger,20-09-2013,Kg,110,120,115
5198,Ginger,22-09-2013,Kg,100,110,105
5269,Ginger,23-09-2013,Kg,90,100,95
5341,Ginger,24-09-2013,Kg,90,100,95
5412,Ginger,25-09-2013,Kg,90,100,95
5483,Ginger,26-09-2013,Kg,90,100,95
5555,Ginger,27-09-2013,Kg,90,100,95
5628,Ginger,29-09-2013,Kg,90,100,95
5700,Ginger,30-09-2013,Kg,90,100,95
5771,Ginger,01-10-2013,Kg,90,100,95
5845,Ginger,02-10-2013,Kg,90,100,95
5918,Ginger,03-10-2013,Kg,100,110,105
5992,Ginger,04-10-2013,Kg,90,100,95
6064,Ginger,06-10-2013,Kg,100,120,110
6139,Ginger,07-10-2013,Kg,110,120,115
6214,Ginger,08-10-2013,Kg,110,120,115
6289,Ginger,09-10-2013,Kg,110,120,115
6364,Ginger,10-10-2013,Kg,90,100,95
6439,Ginger,11-10-2013,Kg,110,120,115
6510,Ginger,12-10-2013,Kg,140,150,145
6551,Ginger,13-10-2013,Kg,140,150,145
6588,Ginger,14-10-2013,Kg,140,150,145
6624,Ginger,15-10-2013,Kg,140,150,145
6686,Ginger,16-10-2013,Kg,130,140,135
6755,Ginger,17-10-2013,Kg,150,160,155
6826,Ginger,20-10-2013,Kg,140,150,145
6899,Ginger,21-10-2013,Kg,140,150,145
6970,Ginger,22-10-2013,Kg,140,150,145
7039,Ginger,23-10-2013,Kg,140,150,145
7109,Ginger,24-10-2013,Kg,140,150,145
7181,Ginger,25-10-2013,Kg,110,120,115
7253,Ginger,27-10-2013,Kg,110,120,115
7326,Ginger,28-10-2013,Kg,100,120,110
7400,Ginger,29-10-2013,Kg,110,120,115
7474,Ginger,30-10-2013,Kg,110,120,115
7546,Ginger,31-10-2013,Kg,100,110,105
7620,Ginger,01-11-2013,Kg,100,110,105
7692,Ginger,03-11-2013,Kg,100,110,105
7765,Ginger,04-11-2013,Kg,90,100,95
7821,Ginger,05-11-2013,Kg,100,110,105
7869,Ginger,06-11-2013,Kg,100,110,105
7933,Ginger,07-11-2013,Kg,100,110,105
7998,Ginger,10-11-2013,Kg,100,120,110
8059,Ginger,11-11-2013,Kg,100,120,110
8122,Ginger,12-11-2013,Kg,100,120,110
8186,Ginger,13-11-2013,Kg,100,120,110
8249,Ginger,14-11-2013,Kg,100,120,110
8314,Ginger,15-11-2013,Kg,110,130,120
8380,Ginger,16-11-2013,Kg,110,130,120
8444,Ginger,17-11-2013,Kg,110,130,120
8509,Ginger,18-11-2013,Kg,120,135,127.5
8571,Ginger,20-11-2013,Kg,115,135,125
8639,Ginger,21-11-2013,Kg,120,130,125
8710,Ginger,22-11-2013,Kg,110,120,115
8780,Ginger,24-11-2013,Kg,110,120,115
8849,Ginger,25-11-2013,Kg,110,120,115
8918,Ginger,26-11-2013,Kg,100,110,105
8987,Ginger,27-11-2013,Kg,100,110,105
9056,Ginger,28-11-2013,Kg,100,110,105
9128,Ginger,29-11-2013,Kg,100,110,105
9200,Ginger,01-12-2013,Kg,100,110,105
9270,Ginger,02-12-2013,Kg,100,110,105
9343,Ginger,03-12-2013,Kg,100,110,105
9415,Ginger,04-12-2013,Kg,90,100,95
9487,Ginger,05-12-2013,Kg,100,110,105
9559,Ginger,06-12-2013,Kg,100,110,105
9630,Ginger,08-12-2013,Kg,100,110,105
9703,Ginger,09-12-2013,Kg,90,100,95
9776,Ginger,10-12-2013,Kg,70,80,75
9846,Ginger,11-12-2013,Kg,80,90,85
9917,Ginger,12-12-2013,Kg,80,90,85
9988,Ginger,13-12-2013,Kg,80,90,85
10060,Ginger,15-12-2013,Kg,80,90,85
10132,Ginger,16-12-2013,Kg,80,90,85
10207,Ginger,18-12-2013,Kg,90,100,95
10281,Ginger,19-12-2013,Kg,100,110,105
10356,Ginger,20-12-2013,Kg,100,110,105
10429,Ginger,22-12-2013,Kg,100,110,105
10505,Ginger,23-12-2013,Kg,90,100,95
10582,Ginger,24-12-2013,Kg,90,100,95
10657,Ginger,26-12-2013,Kg,100,110,105
10731,Ginger,27-12-2013,Kg,100,110,105
10808,Ginger,29-12-2013,Kg,100,110,105
10885,Ginger,31-12-2013,Kg,90,100,95
10963,Ginger,01-01-2014,Kg,90,100,95
11041,Ginger,02-01-2014,Kg,100,110,105
11118,Ginger,03-01-2014,Kg,100,110,105
11194,Ginger,05-01-2014,Kg,100,110,105
11271,Ginger,06-01-2014,Kg,100,110,105
11349,Ginger,07-01-2014,Kg,100,110,105
11426,Ginger,08-01-2014,Kg,100,110,105
11504,Ginger,09-01-2014,Kg,100,110,105
11582,Ginger,10-01-2014,Kg,100,110,105
11658,Ginger,12-01-2014,Kg,100,110,105
11735,Ginger,13-01-2014,Kg,100,110,105
11812,Ginger,14-01-2014,Kg,100,110,105
11888,Ginger,16-01-2014,Kg,100,110,105
11964,Ginger,17-01-2014,Kg,100,110,105
12040,Ginger,19-01-2014,Kg,100,110,105
12117,Ginger,20-01-2014,Kg,100,105,102.5
12194,Ginger,21-01-2014,Kg,120,130,125
12269,Ginger,22-01-2014,Kg,120,130,125
12344,Ginger,23-01-2014,Kg,120,130,125
12419,Ginger,24-01-2014,Kg,120,130,125
12492,Ginger,26-01-2014,Kg,120,130,125
12566,Ginger,27-01-2014,Kg,120,130,125
12640,Ginger,28-01-2014,Kg,120,130,125
12715,Ginger,29-01-2014,Kg,120,135,127.5
12791,Ginger,02-02-2014,Kg,120,130,125
12866,Ginger,03-02-2014,Kg,120,130,125
12941,Ginger,04-02-2014,Kg,120,125,122.5
13016,Ginger,05-02-2014,Kg,115,125,120
13088,Ginger,06-02-2014,Kg,110,120,115
13159,Ginger,07-02-2014,Kg,110,120,115
13191,Ginger,08-02-2014,Kg,100,130,115
13260,Ginger,09-02-2014,Kg,110,120,115
13335,Ginger,10-02-2014,Kg,110,120,115
13409,Ginger,11-02-2014,Kg,110,120,115
13486,Ginger,12-02-2014,Kg,110,120,115
13562,Ginger,13-02-2014,Kg,110,120,115
13638,Ginger,14-02-2014,Kg,110,120,115
13714,Ginger,16-02-2014,Kg,110,130,120
13790,Ginger,17-02-2014,Kg,110,120,115
13867,Ginger,18-02-2014,Kg,110,120,115
13943,Ginger,20-02-2014,Kg,110,120,115
14019,Ginger,21-02-2014,Kg,110,120,115
14099,Ginger,23-02-2014,Kg,110,120,115
14179,Ginger,24-02-2014,Kg,110,120,115
14259,Ginger,25-02-2014,Kg,110,120,115
14339,Ginger,26-02-2014,Kg,110,120,115
14419,Ginger,28-02-2014,Kg,110,120,115
14498,Ginger,03-03-2014,Kg,120,130,125
14576,Ginger,05-03-2014,Kg,110,130,120
14654,Ginger,06-03-2014,Kg,110,120,115
14735,Ginger,07-03-2014,Kg,110,120,115
14815,Ginger,09-03-2014,Kg,120,130,125
14895,Ginger,10-03-2014,Kg,120,130,125
14973,Ginger,11-03-2014,Kg,120,130,125
15052,Ginger,12-03-2014,Kg,120,130,125
15134,Ginger,13-03-2014,Kg,120,130,125
15215,Ginger,14-03-2014,Kg,120,130,125
15295,Ginger,17-03-2014,Kg,120,140,130
15375,Ginger,18-03-2014,Kg,120,140,130
15452,Ginger,19-03-2014,Kg,120,140,130
15529,Ginger,20-03-2014,Kg,120,130,125
15608,Ginger,21-03-2014,Kg,130,140,135
15685,Ginger,23-03-2014,Kg,140,150,145
15763,Ginger,24-03-2014,Kg,140,150,145
15845,Ginger,25-03-2014,Kg,140,150,145
15926,Ginger,26-03-2014,Kg,150,160,155
16007,Ginger,27-03-2014,Kg,150,160,155
16089,Ginger,28-03-2014,Kg,140,150,145
16169,Ginger,31-03-2014,Kg,160,190,175
16246,Ginger,01-04-2014,Kg,190,200,195
16323,Ginger,02-04-2014,Kg,190,200,195
16401,Ginger,03-04-2014,Kg,190,200,195
16478,Ginger,04-04-2014,Kg,180,200,190
16555,Ginger,06-04-2014,Kg,160,190,175
16632,Ginger,07-04-2014,Kg,160,190,175
16712,Ginger,09-04-2014,Kg,180,190,185
16794,Ginger,10-04-2014,Kg,180,190,185
16877,Ginger,11-04-2014,Kg,170,180,175
16959,Ginger,13-04-2014,Kg,190,200,195
17041,Ginger,15-04-2014,Kg,180,190,185
17122,Ginger,16-04-2014,Kg,170,180,175
17203,Ginger,17-04-2014,Kg,180,190,185
17284,Ginger,18-04-2014,Kg,180,190,185
17363,Ginger,20-04-2014,Kg,170,180,175
17442,Ginger,21-04-2014,Kg,170,180,175
17519,Ginger,22-04-2014,Kg,170,180,175
17596,Ginger,23-04-2014,Kg,170,180,175
17673,Ginger,25-04-2014,Kg,170,180,175
17750,Ginger,27-04-2014,Kg,180,190,185
17829,Ginger,28-04-2014,Kg,170,180,175
17907,Ginger,29-04-2014,Kg,170,180,175
17986,Ginger,30-04-2014,Kg,170,180,175
18066,Ginger,02-05-2014,Kg,190,200,195
18144,Ginger,04-05-2014,Kg,190,200,195
18221,Ginger,05-05-2014,Kg,190,200,195
18299,Ginger,06-05-2014,Kg,190,200,195
18377,Ginger,07-05-2014,Kg,190,200,195
18454,Ginger,08-05-2014,Kg,190,200,195
18532,Ginger,09-05-2014,Kg,190,200,195
18608,Ginger,11-05-2014,Kg,190,200,195
18684,Ginger,12-05-2014,Kg,190,200,195
18760,Ginger,13-05-2014,Kg,190,200,195
18835,Ginger,15-05-2014,Kg,180,190,185
18909,Ginger,16-05-2014,Kg,180,190,185
18985,Ginger,18-05-2014,Kg,180,190,185
19059,Ginger,19-05-2014,Kg,180,190,185
19135,Ginger,20-05-2014,Kg,190,200,195
19210,Ginger,21-05-2014,Kg,190,200,195
19284,Ginger,22-05-2014,Kg,190,200,195
19355,Ginger,23-05-2014,Kg,180,200,190
19427,Ginger,25-05-2014,Kg,180,190,185
19501,Ginger,26-05-2014,Kg,190,200,195
19574,Ginger,27-05-2014,Kg,190,200,195
19647,Ginger,28-05-2014,Kg,190,200,195
19718,Ginger,30-05-2014,Kg,180,200,190
19790,Ginger,01-06-2014,Kg,180,190,185
19860,Ginger,02-06-2014,Kg,180,190,185
19933,Ginger,03-06-2014,Kg,180,190,185
20005,Ginger,04-06-2014,Kg,190,200,195
20077,Ginger,05-06-2014,Kg,200,210,205
20149,Ginger,06-06-2014,Kg,200,220,210
20221,Ginger,08-06-2014,Kg,210,220,215
20292,Ginger,09-06-2014,Kg,200,210,205
20366,Ginger,10-06-2014,Kg,200,210,205
20440,Ginger,11-06-2014,Kg,200,210,205
20514,Ginger,12-06-2014,Kg,200,210,205
20586,Ginger,13-06-2014,Kg,200,210,205
20660,Ginger,15-06-2014,Kg,200,210,205
20733,Ginger,16-06-2014,Kg,200,210,205
20804,Ginger,17-06-2014,Kg,200,210,205
20877,Ginger,18-06-2014,Kg,200,210,205
20950,Ginger,19-06-2014,Kg,200,220,210
21023,Ginger,20-06-2014,Kg,210,220,215
21094,Ginger,23-06-2014,Kg,180,190,185
21163,Ginger,24-06-2014,Kg,170,180,175
21233,Ginger,25-06-2014,Kg,170,180,175
21303,Ginger,26-06-2014,Kg,140,160,150
21373,Ginger,27-06-2014,Kg,140,150,145
21429,Ginger,29-06-2014,Kg,140,160,150
21499,Ginger,30-06-2014,Kg,140,160,150
21568,Ginger,01-07-2014,Kg,130,150,140
21632,Ginger,02-07-2014,Kg,140,150,145
21698,Ginger,03-07-2014,Kg,140,160,150
21762,Ginger,04-07-2014,Kg,150,160,155
21826,Ginger,05-07-2014,Kg,140,150,145
21890,Ginger,06-07-2014,Kg,140,150,145
21953,Ginger,07-07-2014,Kg,150,160,155
22016,Ginger,08-07-2014,Kg,150,160,155
22079,Ginger,09-07-2014,Kg,160,170,165
22141,Ginger,10-07-2014,Kg,160,170,165
22206,Ginger,11-07-2014,Kg,160,170,165
22268,Ginger,12-07-2014,Kg,170,180,175
22330,Ginger,13-07-2014,Kg,170,180,175
22392,Ginger,14-07-2014,Kg,160,170,165
22457,Ginger,15-07-2014,Kg,160,170,165
22521,Ginger,16-07-2014,Kg,160,170,165
22586,Ginger,17-07-2014,Kg,160,170,165
22652,Ginger,18-07-2014,Kg,160,170,165
22714,Ginger,19-07-2014,Kg,160,170,165
22779,Ginger,20-07-2014,Kg,160,170,165
22845,Ginger,21-07-2014,Kg,160,170,165
22912,Ginger,22-07-2014,Kg,150,160,155
22978,Ginger,23-07-2014,Kg,150,160,155
23045,Ginger,24-07-2014,Kg,150,160,155
23112,Ginger,25-07-2014,Kg,140,150,145
23179,Ginger,26-07-2014,Kg,140,150,145
23246,Ginger,27-07-2014,Kg,140,150,145
23314,Ginger,28-07-2014,Kg,140,150,145
23382,Ginger,29-07-2014,Kg,140,150,145
23450,Ginger,30-07-2014,Kg,140,150,145
23518,Ginger,31-07-2014,Kg,140,150,145
23585,Ginger,01-08-2014,Kg,130,140,135
23649,Ginger,02-08-2014,Kg,130,140,135
23713,Ginger,03-08-2014,Kg,130,140,135
23779,Ginger,04-08-2014,Kg,130,140,135
23845,Ginger,05-08-2014,Kg,150,160,155
23911,Ginger,06-08-2014,Kg,140,150,145
23977,Ginger,07-08-2014,Kg,140,150,145
24044,Ginger,08-08-2014,Kg,140,150,145
24110,Ginger,09-08-2014,Kg,140,150,145
24176,Ginger,10-08-2014,Kg,140,150,145
24242,Ginger,11-08-2014,Kg,140,150,145
24309,Ginger,12-08-2014,Kg,140,150,145
24376,Ginger,13-08-2014,Kg,130,140,135
24443,Ginger,14-08-2014,Kg,130,140,135
24503,Ginger,15-08-2014,Kg,120,130,125
24564,Ginger,16-08-2014,Kg,120,130,125
24628,Ginger,17-08-2014,Kg,120,130,125
24693,Ginger,18-08-2014,Kg,120,130,125
24758,Ginger,19-08-2014,Kg,130,140,135
24821,Ginger,20-08-2014,Kg,130,140,135
24886,Ginger,21-08-2014,Kg,120,130,125
24951,Ginger,22-08-2014,Kg,120,130,125
25013,Ginger,23-08-2014,Kg,120,130,125
25075,Ginger,24-08-2014,Kg,120,130,125
25137,Ginger,25-08-2014,Kg,120,125,122.5
25200,Ginger,26-08-2014,Kg,140,150,145
25264,Ginger,27-08-2014,Kg,140,150,145
25329,Ginger,28-08-2014,Kg,140,150,145
25395,Ginger,29-08-2014,Kg,130,140,135
25458,Ginger,31-08-2014,Kg,140,150,145
25523,Ginger,01-09-2014,Kg,130,140,135
25587,Ginger,02-09-2014,Kg,130,140,135
25650,Ginger,03-09-2014,Kg,140,150,145
25718,Ginger,04-09-2014,Kg,140,150,145
25783,Ginger,05-09-2014,Kg,140,150,145
25849,Ginger,06-09-2014,Kg,130,140,135
25913,Ginger,07-09-2014,Kg,130,140,135
25977,Ginger,08-09-2014,Kg,130,140,135
26044,Ginger,09-09-2014,Kg,130,140,135
26112,Ginger,10-09-2014,Kg,120,130,125
26181,Ginger,11-09-2014,Kg,120,130,125
26250,Ginger,12-09-2014,Kg,120,130,125
26319,Ginger,13-09-2014,Kg,120,130,125
26379,Ginger,14-09-2014,Kg,120,130,125
26445,Ginger,15-09-2014,Kg,120,130,125
26512,Ginger,16-09-2014,Kg,120,130,125
26579,Ginger,17-09-2014,Kg,120,130,125
26646,Ginger,18-09-2014,Kg,110,120,115
26713,Ginger,19-09-2014,Kg,110,120,115
26781,Ginger,20-09-2014,Kg,100,110,105
26849,Ginger,21-09-2014,Kg,100,110,105
26917,Ginger,22-09-2014,Kg,100,110,105
26987,Ginger,23-09-2014,Kg,100,110,105
27056,Ginger,24-09-2014,Kg,90,100,95
27127,Ginger,26-09-2014,Kg,90,100,95
27199,Ginger,28-09-2014,Kg,90,100,95
27271,Ginger,29-09-2014,Kg,110,120,115
27343,Ginger,30-09-2014,Kg,110,120,115
27413,Ginger,08-10-2014,Kg,90,100,95
27484,Ginger,09-10-2014,Kg,90,100,95
27555,Ginger,10-10-2014,Kg,80,90,85
27625,Ginger,12-10-2014,Kg,80,90,85
27697,Ginger,13-10-2014,Kg,80,90,85
27770,Ginger,14-10-2014,Kg,80,90,85
27813,Ginger,15-10-2014,Kg,80,90,85
27880,Ginger,16-10-2014,Kg,80,90,85
27950,Ginger,17-10-2014,Kg,80,90,85
28021,Ginger,19-10-2014,Kg,80,90,85
28092,Ginger,20-10-2014,Kg,80,90,85
28166,Ginger,21-10-2014,Kg,80,90,85
28241,Ginger,22-10-2014,Kg,75,80,77.5
28315,Ginger,23-10-2014,Kg,70,85,77.5
28389,Ginger,24-10-2014,Kg,75,80,77.5
28453,Ginger,25-10-2014,Kg,75,85,80
28501,Ginger,26-10-2014,Kg,80,90,85
28546,Ginger,27-10-2014,Kg,80,90,85
28591,Ginger,28-10-2014,Kg,80,90,85
28645,Ginger,29-10-2014,Kg,80,90,85
28711,Ginger,30-10-2014,Kg,80,90,85
28778,Ginger,31-10-2014,Kg,80,90,85
28848,Ginger,01-11-2014,Kg,75,80,77.5
28919,Ginger,02-11-2014,Kg,75,80,77.5
28987,Ginger,03-11-2014,Kg,75,80,77.5
29056,Ginger,04-11-2014,Kg,75,80,77.5
29125,Ginger,05-11-2014,Kg,75,80,77.5
29193,Ginger,06-11-2014,Kg,70,80,75
29262,Ginger,07-11-2014,Kg,70,80,75
29332,Ginger,08-11-2014,Kg,70,80,75
29402,Ginger,09-11-2014,Kg,70,80,75
29473,Ginger,10-11-2014,Kg,70,80,75
29546,Ginger,11-11-2014,Kg,70,80,75
29618,Ginger,12-11-2014,Kg,70,80,75
29690,Ginger,13-11-2014,Kg,70,80,75
29760,Ginger,14-11-2014,Kg,70,80,75
29828,Ginger,15-11-2014,Kg,70,80,75
29899,Ginger,16-11-2014,Kg,70,80,75
29973,Ginger,17-11-2014,Kg,70,80,75
30048,Ginger,18-11-2014,Kg,70,80,75
30121,Ginger,19-11-2014,Kg,70,80,75
30196,Ginger,20-11-2014,Kg,70,80,75
30272,Ginger,21-11-2014,Kg,65,75,70
30337,Ginger,22-11-2014,Kg,70,80,75
30408,Ginger,23-11-2014,Kg,70,80,75
30479,Ginger,24-11-2014,Kg,70,80,75
30549,Ginger,25-11-2014,Kg,70,80,75
30619,Ginger,26-11-2014,Kg,70,80,75
30682,Ginger,27-11-2014,Kg,70,80,75
30752,Ginger,28-11-2014,Kg,70,80,75
30823,Ginger,29-11-2014,Kg,70,80,75
30887,Ginger,30-11-2014,Kg,70,80,75
30960,Ginger,01-12-2014,Kg,70,80,75
31034,Ginger,02-12-2014,Kg,70,80,75
31108,Ginger,03-12-2014,Kg,70,80,75
31180,Ginger,04-12-2014,Kg,70,80,75
31253,Ginger,05-12-2014,Kg,70,80,75
31325,Ginger,06-12-2014,Kg,70,80,75
31397,Ginger,07-12-2014,Kg,70,80,75
31466,Ginger,08-12-2014,Kg,55,60,57.5
31528,Ginger,09-12-2014,Kg,60,75,67.5
31589,Ginger,10-12-2014,Kg,65,70,67.5
31657,Ginger,11-12-2014,Kg,60,70,65
31729,Ginger,12-12-2014,Kg,60,70,65
31800,Ginger,13-12-2014,Kg,60,70,65
31871,Ginger,14-12-2014,Kg,60,70,65
31942,Ginger,15-12-2014,Kg,60,70,65
32016,Ginger,16-12-2014,Kg,60,70,65
32086,Ginger,17-12-2014,Kg,55,65,60
32161,Ginger,18-12-2014,Kg,55,65,60
32235,Ginger,19-12-2014,Kg,55,60,57.5
32306,Ginger,21-12-2014,Kg,55,60,57.5
32379,Ginger,22-12-2014,Kg,55,60,57.5
32452,Ginger,23-12-2014,Kg,60,65,62.5
32526,Ginger,24-12-2014,Kg,55,65,60
32596,Ginger,25-12-2014,Kg,55,65,60
32671,Ginger,26-12-2014,Kg,50,60,55
32748,Ginger,27-12-2014,Kg,50,60,55
32823,Ginger,28-12-2014,Kg,50,60,55
32899,Ginger,29-12-2014,Kg,50,60,55
32976,Ginger,30-12-2014,Kg,50,60,55
33055,Ginger,31-12-2014,Kg,50,60,55
33134,Ginger,01-01-2015,Kg,50,60,55
33212,Ginger,02-01-2015,Kg,55,60,57.5
33289,Ginger,03-01-2015,Kg,50,60,55
33366,Ginger,04-01-2015,Kg,55,60,57.5
33445,Ginger,05-01-2015,Kg,55,60,57.5
33522,Ginger,06-01-2015,Kg,55,60,57.5
33600,Ginger,07-01-2015,Kg,55,60,57.5
33676,Ginger,08-01-2015,Kg,55,60,57.5
33754,Ginger,09-01-2015,Kg,55,60,57.5
33830,Ginger,11-01-2015,Kg,55,60,57.5
33908,Ginger,12-01-2015,Kg,60,70,65
33989,Ginger,13-01-2015,Kg,60,70,65
34070,Ginger,14-01-2015,Kg,60,70,65
34140,Ginger,15-01-2015,Kg,60,70,65
34214,Ginger,16-01-2015,Kg,60,70,65
34291,Ginger,17-01-2015,Kg,70,80,75
34368,Ginger,18-01-2015,Kg,70,80,75
34446,Ginger,19-01-2015,Kg,65,70,67.5
34517,Ginger,20-01-2015,Kg,60,70,65
34592,Ginger,21-01-2015,Kg,60,70,65
34669,Ginger,22-01-2015,Kg,60,70,65
34746,Ginger,23-01-2015,Kg,60,70,65
34823,Ginger,25-01-2015,Kg,60,70,65
34898,Ginger,26-01-2015,Kg,60,70,65
34973,Ginger,27-01-2015,Kg,60,70,65
35050,Ginger,28-01-2015,Kg,55,65,60
35129,Ginger,29-01-2015,Kg,60,70,65
35208,Ginger,31-01-2015,Kg,60,65,62.5
35286,Ginger,01-02-2015,Kg,55,65,60
35363,Ginger,02-02-2015,Kg,55,65,60
35441,Ginger,03-02-2015,Kg,55,65,60
35517,Ginger,04-02-2015,Kg,60,70,65
35591,Ginger,05-02-2015,Kg,55,65,60
35668,Ginger,06-02-2015,Kg,55,65,60
35746,Ginger,07-02-2015,Kg,55,65,60
35823,Ginger,08-02-2015,Kg,55,65,60
35900,Ginger,09-02-2015,Kg,55,65,60
35978,Ginger,10-02-2015,Kg,55,60,57.5
36056,Ginger,11-02-2015,Kg,60,65,62.5
36133,Ginger,12-02-2015,Kg,55,65,60
36209,Ginger,13-02-2015,Kg,55,65,60
36287,Ginger,14-02-2015,Kg,70,75,72.5
36365,Ginger,15-02-2015,Kg,70,75,72.5
36442,Ginger,16-02-2015,Kg,60,70,65
36521,Ginger,18-02-2015,Kg,60,70,65
36599,Ginger,19-02-2015,Kg,65,70,67.5
36677,Ginger,20-02-2015,Kg,65,75,70
36756,Ginger,22-02-2015,Kg,60,70,65
36837,Ginger,23-02-2015,Kg,60,70,65
36914,Ginger,24-02-2015,Kg,60,70,65
36988,Ginger,25-02-2015,Kg,70,80,75
37062,Ginger,26-02-2015,Kg,70,80,75
37138,Ginger,27-02-2015,Kg,70,80,75
37213,Ginger,01-03-2015,Kg,70,80,75
37285,Ginger,02-03-2015,Kg,70,80,75
37362,Ginger,03-03-2015,Kg,70,80,75
37438,Ginger,06-03-2015,Kg,70,80,75
37508,Ginger,09-03-2015,Kg,70,80,75
37583,Ginger,10-03-2015,Kg,70,80,75
37656,Ginger,11-03-2015,Kg,70,80,75
37728,Ginger,12-03-2015,Kg,70,80,75
37800,Ginger,13-03-2015,Kg,70,80,75
37878,Ginger,14-03-2015,Kg,75,85,80
37995,Ginger,16-03-2015,Kg,70,80,75
38072,Ginger,17-03-2015,Kg,70,80,75
38150,Ginger,18-03-2015,Kg,70,80,75
38227,Ginger,19-03-2015,Kg,70,80,75
38306,Ginger,20-03-2015,Kg,70,80,75
38385,Ginger,21-03-2015,Kg,80,90,85
38464,Ginger,22-03-2015,Kg,80,90,85
38543,Ginger,23-03-2015,Kg,80,90,85
38620,Ginger,24-03-2015,Kg,80,90,85
38699,Ginger,25-03-2015,Kg,80,90,85
38775,Ginger,26-03-2015,Kg,80,90,85
38852,Ginger,27-03-2015,Kg,80,90,85
38925,Ginger,28-03-2015,Kg,80,90,85
38998,Ginger,29-03-2015,Kg,90,95,92.5
39076,Ginger,30-03-2015,Kg,90,95,92.5
39154,Ginger,31-03-2015,Kg,90,95,92.5
39233,Ginger,01-04-2015,Kg,90,95,92.5
39311,Ginger,02-04-2015,Kg,85,95,90
39388,Ginger,03-04-2015,Kg,80,90,85
39465,Ginger,04-04-2015,Kg,80,90,85
39541,Ginger,05-04-2015,Kg,80,90,85
39618,Ginger,06-04-2015,Kg,80,90,85
39693,Ginger,07-04-2015,Kg,80,90,85
39769,Ginger,08-04-2015,Kg,80,90,85
39848,Ginger,10-04-2015,Kg,80,90,85
39922,Ginger,12-04-2015,Kg,80,85,82.5
39997,Ginger,13-04-2015,Kg,80,85,82.5
40071,Ginger,14-04-2015,Kg,70,80,75
40146,Ginger,15-04-2015,Kg,70,80,75
40222,Ginger,16-04-2015,Kg,70,80,75
40297,Ginger,17-04-2015,Kg,70,80,75
40373,Ginger,18-04-2015,Kg,70,80,75
40446,Ginger,19-04-2015,Kg,70,80,75
40522,Ginger,20-04-2015,Kg,70,80,75
40596,Ginger,21-04-2015,Kg,70,80,75
40670,Ginger,22-04-2015,Kg,70,75,72.5
40744,Ginger,23-04-2015,Kg,70,80,75
40820,Ginger,24-04-2015,Kg,70,80,75
40892,Ginger,25-04-2015,Kg,70,80,75
40964,Ginger,26-04-2015,Kg,80,90,85
41037,Ginger,27-04-2015,Kg,80,90,85
41110,Ginger,28-04-2015,Kg,80,90,85
41181,Ginger,29-04-2015,Kg,70,80,75
41252,Ginger,30-04-2015,Kg,70,80,75
41319,Ginger,01-05-2015,Kg,70,80,75
41384,Ginger,02-05-2015,Kg,60,70,65
41455,Ginger,03-05-2015,Kg,70,80,75
41527,Ginger,04-05-2015,Kg,70,80,75
41598,Ginger,05-05-2015,Kg,70,80,75
41673,Ginger,06-05-2015,Kg,70,80,75
41748,Ginger,07-05-2015,Kg,70,80,75
41821,Ginger,08-05-2015,Kg,70,80,75
41894,Ginger,10-05-2015,Kg,70,80,75
41967,Ginger,11-05-2015,Kg,70,80,75
42040,Ginger,12-05-2015,Kg,70,80,75
42112,Ginger,13-05-2015,Kg,70,80,75
42183,Ginger,14-05-2015,Kg,70,80,75
42255,Ginger,15-05-2015,Kg,70,80,75
42326,Ginger,16-05-2015,Kg,75,85,80
42397,Ginger,17-05-2015,Kg,70,80,75
42468,Ginger,18-05-2015,Kg,70,80,75
42539,Ginger,19-05-2015,Kg,70,80,75
42610,Ginger,20-05-2015,Kg,70,80,75
42681,Ginger,21-05-2015,Kg,70,80,75
42752,Ginger,22-05-2015,Kg,70,80,75
42823,Ginger,23-05-2015,Kg,70,80,75
42894,Ginger,24-05-2015,Kg,70,80,75
42963,Ginger,25-05-2015,Kg,70,80,75
43033,Ginger,26-05-2015,Kg,70,80,75
43103,Ginger,27-05-2015,Kg,70,80,75
43173,Ginger,28-05-2015,Kg,70,80,75
43242,Ginger,29-05-2015,Kg,70,80,75
43313,Ginger,30-05-2015,Kg,70,80,75
43380,Ginger,31-05-2015,Kg,70,80,75
43448,Ginger,01-06-2015,Kg,70,80,75
43516,Ginger,02-06-2015,Kg,70,80,75
43584,Ginger,03-06-2015,Kg,70,80,75
43653,Ginger,04-06-2015,Kg,70,80,75
43722,Ginger,05-06-2015,Kg,70,80,75
43792,Ginger,06-06-2015,Kg,70,85,77.5
43862,Ginger,07-06-2015,Kg,70,80,75
43932,Ginger,08-06-2015,Kg,70,80,75
44001,Ginger,09-06-2015,Kg,70,80,75
44069,Ginger,10-06-2015,Kg,70,80,75
44138,Ginger,11-06-2015,Kg,90,100,95
44207,Ginger,12-06-2015,Kg,90,100,95
44277,Ginger,13-06-2015,Kg,85,100,92.5
44347,Ginger,14-06-2015,Kg,100,110,105
44416,Ginger,15-06-2015,Kg,90,100,95
44485,Ginger,16-06-2015,Kg,95,110,102.5
44555,Ginger,17-06-2015,Kg,100,110,105
44625,Ginger,18-06-2015,Kg,90,100,95
44695,Ginger,19-06-2015,Kg,90,100,95
44766,Ginger,20-06-2015,Kg,90,110,100
44836,Ginger,21-06-2015,Kg,90,100,95
44906,Ginger,22-06-2015,Kg,90,100,95
44974,Ginger,23-06-2015,Kg,90,100,95
45042,Ginger,24-06-2015,Kg,90,100,95
45110,Ginger,25-06-2015,Kg,90,100,95
45178,Ginger,26-06-2015,Kg,90,100,95
45247,Ginger,27-06-2015,Kg,90,110,100
45315,Ginger,28-06-2015,Kg,90,100,95
45383,Ginger,29-06-2015,Kg,90,100,95
45451,Ginger,30-06-2015,Kg,90,100,95
45520,Ginger,01-07-2015,Kg,90,100,95
45589,Ginger,02-07-2015,Kg,90,100,95
45658,Ginger,03-07-2015,Kg,90,100,95
45726,Ginger,04-07-2015,Kg,90,110,100
45795,Ginger,05-07-2015,Kg,90,100,95
45863,Ginger,06-07-2015,Kg,90,100,95
45931,Ginger,07-07-2015,Kg,90,100,95
45999,Ginger,08-07-2015,Kg,90,100,95
46068,Ginger,09-07-2015,Kg,90,100,95
46136,Ginger,10-07-2015,Kg,90,100,95
46204,Ginger,11-07-2015,Kg,90,110,100
46272,Ginger,12-07-2015,Kg,90,100,95
46339,Ginger,13-07-2015,Kg,90,100,95
46405,Ginger,14-07-2015,Kg,90,100,95
46472,Ginger,15-07-2015,Kg,90,100,95
46542,Ginger,16-07-2015,Kg,90,100,95
46612,Ginger,17-07-2015,Kg,90,100,95
46681,Ginger,18-07-2015,Kg,85,100,92.5
46751,Ginger,19-07-2015,Kg,90,100,95
46821,Ginger,20-07-2015,Kg,90,100,95
46889,Ginger,21-07-2015,Kg,100,110,105
46959,Ginger,22-07-2015,Kg,90,100,95
47029,Ginger,23-07-2015,Kg,90,100,95
47100,Ginger,24-07-2015,Kg,90,100,95
47169,Ginger,25-07-2015,Kg,90,110,100
47240,Ginger,26-07-2015,Kg,90,100,95
47310,Ginger,27-07-2015,Kg,90,100,95
47380,Ginger,28-07-2015,Kg,90,100,95
47450,Ginger,29-07-2015,Kg,90,100,95
47519,Ginger,30-07-2015,Kg,90,100,95
47589,Ginger,31-07-2015,Kg,90,100,95
47660,Ginger,01-08-2015,Kg,90,110,100
47731,Ginger,02-08-2015,Kg,90,100,95
47802,Ginger,03-08-2015,Kg,90,100,95
47873,Ginger,04-08-2015,Kg,90,100,95
47944,Ginger,05-08-2015,Kg,90,100,95
48014,Ginger,06-08-2015,Kg,90,100,95
48083,Ginger,07-08-2015,Kg,90,100,95
48153,Ginger,08-08-2015,Kg,90,100,95
48224,Ginger,09-08-2015,Kg,90,100,95
48294,Ginger,10-08-2015,Kg,90,100,95
48364,Ginger,11-08-2015,Kg,90,100,95
48435,Ginger,12-08-2015,Kg,80,90,85
48506,Ginger,13-08-2015,Kg,80,90,85
48576,Ginger,14-08-2015,Kg,80,90,85
48646,Ginger,15-08-2015,Kg,80,90,85
48717,Ginger,16-08-2015,Kg,80,90,85
48788,Ginger,17-08-2015,Kg,80,90,85
48858,Ginger,18-08-2015,Kg,80,90,85
48929,Ginger,19-08-2015,Kg,80,90,85
49000,Ginger,20-08-2015,Kg,90,100,95
49071,Ginger,21-08-2015,Kg,90,100,95
49140,Ginger,22-08-2015,Kg,90,100,95
49211,Ginger,23-08-2015,Kg,100,110,105
49282,Ginger,24-08-2015,Kg,100,110,105
49352,Ginger,25-08-2015,Kg,100,110,105
49422,Ginger,26-08-2015,Kg,100,110,105
49492,Ginger,27-08-2015,Kg,100,110,105
49559,Ginger,28-08-2015,Kg,100,110,105
49629,Ginger,29-08-2015,Kg,130,140,135
49697,Ginger,30-08-2015,Kg,140,150,145
49762,Ginger,31-08-2015,Kg,120,130,125
49829,Ginger,01-09-2015,Kg,110,120,115
49895,Ginger,02-09-2015,Kg,100,120,110
49963,Ginger,03-09-2015,Kg,100,120,110
50031,Ginger,04-09-2015,Kg,100,120,110
50099,Ginger,05-09-2015,Kg,100,120,110
50167,Ginger,06-09-2015,Kg,100,120,110
50234,Ginger,07-09-2015,Kg,100,120,110
50302,Ginger,08-09-2015,Kg,100,120,110
50371,Ginger,09-09-2015,Kg,100,120,110
50440,Ginger,10-09-2015,Kg,100,120,110
50509,Ginger,11-09-2015,Kg,100,110,105
50578,Ginger,12-09-2015,Kg,90,110,100
50648,Ginger,13-09-2015,Kg,100,110,105
50718,Ginger,14-09-2015,Kg,100,110,105
50787,Ginger,15-09-2015,Kg,100,110,105
50856,Ginger,16-09-2015,Kg,100,110,105
50925,Ginger,17-09-2015,Kg,100,110,105
50993,Ginger,18-09-2015,Kg,100,110,105
51063,Ginger,19-09-2015,Kg,95,110,102.5
51132,Ginger,20-09-2015,Kg,100,110,105
51201,Ginger,21-09-2015,Kg,100,110,105
51270,Ginger,22-09-2015,Kg,100,110,105
51340,Ginger,23-09-2015,Kg,100,110,105
51412,Ginger,24-09-2015,Kg,100,110,105
51483,Ginger,25-09-2015,Kg,90,100,95
51553,Ginger,26-09-2015,Kg,80,100,90
51624,Ginger,27-09-2015,Kg,90,100,95
51695,Ginger,28-09-2015,Kg,90,100,95
51765,Ginger,29-09-2015,Kg,80,100,90
51833,Ginger,30-09-2015,Kg,80,90,85
51901,Ginger,01-10-2015,Kg,80,90,85
51971,Ginger,02-10-2015,Kg,80,90,85
52043,Ginger,03-10-2015,Kg,80,90,85
52113,Ginger,04-10-2015,Kg,80,90,85
52183,Ginger,05-10-2015,Kg,80,90,85
52252,Ginger,06-10-2015,Kg,70,80,75
52320,Ginger,07-10-2015,Kg,70,80,75
52388,Ginger,08-10-2015,Kg,70,80,75
52456,Ginger,09-10-2015,Kg,70,80,75
52525,Ginger,10-10-2015,Kg,70,80,75
52593,Ginger,11-10-2015,Kg,70,80,75
52659,Ginger,12-10-2015,Kg,70,80,75
52724,Ginger,13-10-2015,Kg,70,80,75
52793,Ginger,14-10-2015,Kg,70,80,75
52861,Ginger,15-10-2015,Kg,70,80,75
52930,Ginger,16-10-2015,Kg,70,80,75
53003,Ginger,17-10-2015,Kg,70,80,75
53071,Ginger,18-10-2015,Kg,70,80,75
53139,Ginger,19-10-2015,Kg,60,80,70
53207,Ginger,20-10-2015,Kg,60,80,70
53270,Ginger,21-10-2015,Kg,60,80,70
53332,Ginger,22-10-2015,Kg,60,80,70
53395,Ginger,23-10-2015,Kg,60,80,70
53460,Ginger,24-10-2015,Kg,60,70,65
53524,Ginger,25-10-2015,Kg,60,70,65
53587,Ginger,26-10-2015,Kg,60,70,65
53655,Ginger,27-10-2015,Kg,60,70,65
53724,Ginger,28-10-2015,Kg,60,70,65
53793,Ginger,29-10-2015,Kg,60,70,65
53860,Ginger,30-10-2015,Kg,60,70,65
53929,Ginger,31-10-2015,Kg,60,70,65
53995,Ginger,01-11-2015,Kg,60,70,65
54064,Ginger,02-11-2015,Kg,60,70,65
54131,Ginger,03-11-2015,Kg,60,70,65
54199,Ginger,04-11-2015,Kg,60,70,65
54268,Ginger,05-11-2015,Kg,60,70,65
54337,Ginger,06-11-2015,Kg,60,70,65
54407,Ginger,07-11-2015,Kg,55,70,62.5
54474,Ginger,08-11-2015,Kg,60,70,65
54543,Ginger,09-11-2015,Kg,60,70,65
54612,Ginger,10-11-2015,Kg,60,70,65
54681,Ginger,11-11-2015,Kg,60,70,65
54753,Ginger,12-11-2015,Kg,60,75,67.5
54801,Ginger,13-11-2015,Kg,60,70,65
54868,Ginger,14-11-2015,Kg,70,80,75
54936,Ginger,15-11-2015,Kg,70,80,75
55005,Ginger,16-11-2015,Kg,70,80,75
55074,Ginger,17-11-2015,Kg,70,80,75
55144,Ginger,18-11-2015,Kg,70,80,75
55214,Ginger,19-11-2015,Kg,70,80,75
55284,Ginger,20-11-2015,Kg,70,80,75
55355,Ginger,21-11-2015,Kg,70,80,75
55425,Ginger,22-11-2015,Kg,70,80,75
55495,Ginger,23-11-2015,Kg,60,70,65
55566,Ginger,24-11-2015,Kg,60,70,65
55637,Ginger,25-11-2015,Kg,60,70,65
55708,Ginger,26-11-2015,Kg,60,70,65
55779,Ginger,27-11-2015,Kg,60,70,65
55850,Ginger,28-11-2015,Kg,60,70,65
55920,Ginger,29-11-2015,Kg,60,70,65
55990,Ginger,30-11-2015,Kg,60,70,65
56060,Ginger,01-12-2015,Kg,60,70,65
56130,Ginger,02-12-2015,Kg,60,70,65
56200,Ginger,03-12-2015,Kg,50,60,55
56270,Ginger,04-12-2015,Kg,50,60,55
56341,Ginger,05-12-2015,Kg,45,60,52.5
56411,Ginger,06-12-2015,Kg,50,60,55
56481,Ginger,07-12-2015,Kg,50,60,55
56551,Ginger,08-12-2015,Kg,50,60,55
56623,Ginger,09-12-2015,Kg,50,60,55
56695,Ginger,10-12-2015,Kg,50,60,55
56767,Ginger,11-12-2015,Kg,50,60,55
56839,Ginger,12-12-2015,Kg,45,60,52.5
56910,Ginger,13-12-2015,Kg,50,60,55
56981,Ginger,14-12-2015,Kg,50,60,55
57052,Ginger,15-12-2015,Kg,50,60,55
57124,Ginger,16-12-2015,Kg,50,60,55
57195,Ginger,17-12-2015,Kg,50,60,55
57266,Ginger,18-12-2015,Kg,50,60,55
57339,Ginger,19-12-2015,Kg,48,60,54
57412,Ginger,20-12-2015,Kg,50,60,55
57485,Ginger,21-12-2015,Kg,50,60,55
57558,Ginger,22-12-2015,Kg,50,60,55
57630,Ginger,23-12-2015,Kg,50,60,55
57703,Ginger,24-12-2015,Kg,50,60,55
57776,Ginger,25-12-2015,Kg,50,60,55
57848,Ginger,26-12-2015,Kg,45,60,52.5
57920,Ginger,27-12-2015,Kg,50,60,55
57994,Ginger,28-12-2015,Kg,50,60,55
58068,Ginger,29-12-2015,Kg,50,60,55
58142,Ginger,30-12-2015,Kg,45,50,47.5
58216,Ginger,31-12-2015,Kg,50,60,55
58289,Ginger,01-01-2016,Kg,50,60,55
58362,Ginger,02-01-2016,Kg,50,60,55
58435,Ginger,03-01-2016,Kg,50,60,55
58509,Ginger,04-01-2016,Kg,50,60,55
58583,Ginger,05-01-2016,Kg,50,60,55
58658,Ginger,06-01-2016,Kg,50,60,55
58733,Ginger,07-01-2016,Kg,50,60,55
58808,Ginger,08-01-2016,Kg,50,60,55
58882,Ginger,09-01-2016,Kg,50,60,55
58957,Ginger,10-01-2016,Kg,50,60,55
59032,Ginger,11-01-2016,Kg,50,60,55
59107,Ginger,12-01-2016,Kg,50,60,55
59182,Ginger,13-01-2016,Kg,50,60,55
59257,Ginger,14-01-2016,Kg,50,60,55
59332,Ginger,15-01-2016,Kg,50,60,55
59407,Ginger,16-01-2016,Kg,50,60,55
59482,Ginger,17-01-2016,Kg,50,60,55
59557,Ginger,18-01-2016,Kg,40,50,45
59632,Ginger,19-01-2016,Kg,40,50,45
59707,Ginger,20-01-2016,Kg,40,50,45
59782,Ginger,21-01-2016,Kg,40,50,45
59857,Ginger,22-01-2016,Kg,40,50,45
59931,Ginger,23-01-2016,Kg,40,50,45
60006,Ginger,24-01-2016,Kg,40,50,45
60080,Ginger,25-01-2016,Kg,40,50,45
60155,Ginger,26-01-2016,Kg,40,50,45
60231,Ginger,27-01-2016,Kg,40,50,45
60305,Ginger,28-01-2016,Kg,40,50,45
60380,Ginger,29-01-2016,Kg,40,50,45
60454,Ginger,30-01-2016,Kg,40,50,45
60530,Ginger,31-01-2016,Kg,40,50,45
60605,Ginger,01-02-2016,Kg,40,50,45
60680,Ginger,02-02-2016,Kg,40,50,45
60756,Ginger,03-02-2016,Kg,40,50,45
60832,Ginger,04-02-2016,Kg,40,50,45
60904,Ginger,05-02-2016,Kg,40,50,45
60977,Ginger,06-02-2016,Kg,40,50,45
61051,Ginger,07-02-2016,Kg,40,50,45
61125,Ginger,08-02-2016,Kg,40,50,45
61199,Ginger,09-02-2016,Kg,40,50,45
61273,Ginger,10-02-2016,Kg,40,50,45
61348,Ginger,11-02-2016,Kg,40,50,45
61423,Ginger,12-02-2016,Kg,40,50,45
61495,Ginger,13-02-2016,Kg,40,50,45
61570,Ginger,14-02-2016,Kg,50,60,55
61645,Ginger,15-02-2016,Kg,50,60,55
61720,Ginger,16-02-2016,Kg,50,60,55
61795,Ginger,17-02-2016,Kg,50,60,55
61869,Ginger,18-02-2016,Kg,50,60,55
61943,Ginger,19-02-2016,Kg,50,60,55
62015,Ginger,20-02-2016,Kg,50,58,54
62089,Ginger,21-02-2016,Kg,50,60,55
62163,Ginger,22-02-2016,Kg,50,60,55
62237,Ginger,23-02-2016,Kg,50,60,55
62310,Ginger,24-02-2016,Kg,50,60,55
62384,Ginger,25-02-2016,Kg,50,60,55
62458,Ginger,26-02-2016,Kg,50,60,55
62532,Ginger,27-02-2016,Kg,50,60,55
62606,Ginger,28-02-2016,Kg,50,60,55
62680,Ginger,29-02-2016,Kg,50,60,55
62754,Ginger,01-03-2016,Kg,50,60,55
62828,Ginger,02-03-2016,Kg,50,60,55
62903,Ginger,04-03-2016,Kg,50,60,55
62976,Ginger,05-03-2016,Kg,55,60,57.5
63051,Ginger,06-03-2016,Kg,50,60,55
63128,Ginger,07-03-2016,Kg,50,65,57.5
63204,Ginger,08-03-2016,Kg,50,60,55
63278,Ginger,09-03-2016,Kg,50,60,55
63354,Ginger,10-03-2016,Kg,50,60,55
63430,Ginger,11-03-2016,Kg,50,60,55
63505,Ginger,12-03-2016,Kg,50,60,55
63581,Ginger,13-03-2016,Kg,50,80,65
63659,Ginger,15-03-2016,Kg,50,60,55
63738,Ginger,16-03-2016,Kg,50,60,55
63814,Ginger,17-03-2016,Kg,50,60,55
63891,Ginger,18-03-2016,Kg,50,60,55
63966,Ginger,19-03-2016,Kg,50,60,55
64042,Ginger,20-03-2016,Kg,50,60,55
64115,Ginger,21-03-2016,Kg,50,60,55
64189,Ginger,22-03-2016,Kg,50,60,55
64263,Ginger,23-03-2016,Kg,50,60,55
64337,Ginger,24-03-2016,Kg,50,60,55
64410,Ginger,25-03-2016,Kg,50,60,55
64482,Ginger,26-03-2016,Kg,50,60,55
64555,Ginger,27-03-2016,Kg,50,60,55
64627,Ginger,28-03-2016,Kg,50,60,55
64699,Ginger,29-03-2016,Kg,50,60,55
64771,Ginger,30-03-2016,Kg,50,60,55
64843,Ginger,31-03-2016,Kg,50,60,55
64915,Ginger,01-04-2016,Kg,50,60,55
64985,Ginger,02-04-2016,Kg,60,70,65
65058,Ginger,03-04-2016,Kg,50,60,55
65132,Ginger,04-04-2016,Kg,50,60,55
65206,Ginger,05-04-2016,Kg,50,60,55
65280,Ginger,06-04-2016,Kg,50,60,55
65354,Ginger,07-04-2016,Kg,50,55,52.5
65426,Ginger,08-04-2016,Kg,50,58,54
65497,Ginger,09-04-2016,Kg,55,58,56.5
65568,Ginger,10-04-2016,Kg,50,60,55
65641,Ginger,11-04-2016,Kg,60,70,65
65714,Ginger,12-04-2016,Kg,60,70,65
65787,Ginger,13-04-2016,Kg,60,70,65
65859,Ginger,14-04-2016,Kg,60,70,65
65931,Ginger,15-04-2016,Kg,60,70,65
66003,Ginger,16-04-2016,Kg,60,70,65
66075,Ginger,17-04-2016,Kg,60,70,65
66148,Ginger,18-04-2016,Kg,60,70,65
66221,Ginger,19-04-2016,Kg,60,70,65
66294,Ginger,20-04-2016,Kg,60,70,65
66368,Ginger,21-04-2016,Kg,60,70,65
66442,Ginger,22-04-2016,Kg,60,70,65
66515,Ginger,23-04-2016,Kg,60,70,65
66589,Ginger,24-04-2016,Kg,60,70,65
66662,Ginger,25-04-2016,Kg,60,70,65
66735,Ginger,26-04-2016,Kg,70,80,75
66809,Ginger,27-04-2016,Kg,70,80,75
66879,Ginger,28-04-2016,Kg,70,80,75
66951,Ginger,29-04-2016,Kg,70,80,75
67021,Ginger,30-04-2016,Kg,70,80,75
67092,Ginger,01-05-2016,Kg,65,80,72.5
67164,Ginger,02-05-2016,Kg,70,80,75
67232,Ginger,03-05-2016,Kg,70,80,75
67300,Ginger,04-05-2016,Kg,70,80,75
67369,Ginger,05-05-2016,Kg,70,80,75
67436,Ginger,06-05-2016,Kg,70,80,75
67503,Ginger,07-05-2016,Kg,70,80,75
67571,Ginger,08-05-2016,Kg,70,80,75
67637,Ginger,09-05-2016,Kg,70,80,75
67703,Ginger,10-05-2016,Kg,70,80,75
67770,Ginger,11-05-2016,Kg,70,80,75
67837,Ginger,12-05-2016,Kg,60,70,65
67905,Ginger,13-05-2016,Kg,60,70,65
67972,Ginger,14-05-2016,Kg,60,70,65
68038,Ginger,15-05-2016,Kg,70,80,75
68104,Ginger,16-05-2016,Kg,70,80,75
68171,Ginger,17-05-2016,Kg,70,80,75
68238,Ginger,18-05-2016,Kg,70,80,75
68305,Ginger,19-05-2016,Kg,80,90,85
68372,Ginger,20-05-2016,Kg,70,80,75
68439,Ginger,21-05-2016,Kg,70,80,75
68507,Ginger,22-05-2016,Kg,70,80,75
68574,Ginger,23-05-2016,Kg,60,70,65
68641,Ginger,24-05-2016,Kg,60,70,65
68708,Ginger,25-05-2016,Kg,60,70,65
68777,Ginger,26-05-2016,Kg,60,70,65
68845,Ginger,27-05-2016,Kg,60,70,65
68913,Ginger,28-05-2016,Kg,60,70,65
68981,Ginger,29-05-2016,Kg,60,70,65
69049,Ginger,30-05-2016,Kg,60,70,65
69117,Ginger,31-05-2016,Kg,60,70,65
69185,Ginger,01-06-2016,Kg,60,70,65
69254,Ginger,02-06-2016,Kg,60,70,65
69323,Ginger,03-06-2016,Kg,60,70,65
69392,Ginger,04-06-2016,Kg,60,70,65
69462,Ginger,05-06-2016,Kg,60,70,65
69533,Ginger,06-06-2016,Kg,60,70,65
69604,Ginger,07-06-2016,Kg,60,70,65
69675,Ginger,08-06-2016,Kg,60,70,65
69746,Ginger,09-06-2016,Kg,60,70,65
69816,Ginger,10-06-2016,Kg,60,70,65
69886,Ginger,11-06-2016,Kg,60,70,65
69955,Ginger,12-06-2016,Kg,60,70,65
70024,Ginger,13-06-2016,Kg,60,70,65
70093,Ginger,14-06-2016,Kg,60,70,65
70163,Ginger,15-06-2016,Kg,60,70,65
70233,Ginger,16-06-2016,Kg,60,70,65
70304,Ginger,17-06-2016,Kg,60,70,65
70374,Ginger,18-06-2016,Kg,60,70,65
70444,Ginger,19-06-2016,Kg,60,70,65
70514,Ginger,20-06-2016,Kg,60,70,65
70584,Ginger,21-06-2016,Kg,60,70,65
70653,Ginger,22-06-2016,Kg,60,70,65
70722,Ginger,23-06-2016,Kg,60,70,65
70793,Ginger,24-06-2016,Kg,60,70,65
70862,Ginger,25-06-2016,Kg,60,70,65
70933,Ginger,26-06-2016,Kg,60,70,65
71003,Ginger,27-06-2016,Kg,60,70,65
71074,Ginger,28-06-2016,Kg,60,70,65
71145,Ginger,29-06-2016,Kg,60,70,65
71216,Ginger,30-06-2016,Kg,60,70,65
71287,Ginger,01-07-2016,Kg,60,70,65
71358,Ginger,02-07-2016,Kg,60,70,65
71428,Ginger,03-07-2016,Kg,60,70,65
71498,Ginger,04-07-2016,Kg,60,70,65
71568,Ginger,05-07-2016,Kg,60,70,65
71637,Ginger,06-07-2016,Kg,60,70,65
71706,Ginger,07-07-2016,Kg,60,70,65
71775,Ginger,08-07-2016,Kg,60,70,65
71845,Ginger,09-07-2016,Kg,60,70,65
71914,Ginger,10-07-2016,Kg,60,70,65
71983,Ginger,11-07-2016,Kg,60,68,64
72050,Ginger,12-07-2016,Kg,60,70,65
72118,Ginger,13-07-2016,Kg,60,70,65
72187,Ginger,14-07-2016,Kg,60,70,65
72255,Ginger,15-07-2016,Kg,60,70,65
72325,Ginger,16-07-2016,Kg,62,70,66
72392,Ginger,17-07-2016,Kg,60,70,65
72460,Ginger,18-07-2016,Kg,60,70,65
72528,Ginger,19-07-2016,Kg,60,70,65
72596,Ginger,20-07-2016,Kg,60,70,65
72664,Ginger,21-07-2016,Kg,60,70,65
72732,Ginger,22-07-2016,Kg,60,70,65
72799,Ginger,23-07-2016,Kg,60,70,65
72867,Ginger,24-07-2016,Kg,60,70,65
72935,Ginger,25-07-2016,Kg,60,70,65
73004,Ginger,26-07-2016,Kg,60,70,65
73074,Ginger,27-07-2016,Kg,60,70,65
73144,Ginger,28-07-2016,Kg,60,70,65
73214,Ginger,29-07-2016,Kg,60,70,65
73284,Ginger,30-07-2016,Kg,60,70,65
73354,Ginger,31-07-2016,Kg,60,70,65
73423,Ginger,01-08-2016,Kg,60,70,65
73491,Ginger,02-08-2016,Kg,60,70,65
73559,Ginger,03-08-2016,Kg,65,70,67.5
73628,Ginger,04-08-2016,Kg,65,70,67.5
73695,Ginger,05-08-2016,Kg,65,70,67.5
73763,Ginger,06-08-2016,Kg,65,70,67.5
73833,Ginger,07-08-2016,Kg,65,70,67.5
73903,Ginger,08-08-2016,Kg,65,70,67.5
73974,Ginger,09-08-2016,Kg,65,70,67.5
74045,Ginger,10-08-2016,Kg,65,70,67.5
74116,Ginger,11-08-2016,Kg,65,70,67.5
74187,Ginger,12-08-2016,Kg,65,70,67.5
74258,Ginger,13-08-2016,Kg,65,70,67.5
74329,Ginger,14-08-2016,Kg,65,70,67.5
74400,Ginger,15-08-2016,Kg,65,70,67.5
74470,Ginger,16-08-2016,Kg,65,70,67.5
74540,Ginger,17-08-2016,Kg,65,70,67.5
74610,Ginger,18-08-2016,Kg,65,70,67.5
74680,Ginger,19-08-2016,Kg,65,70,67.5
74750,Ginger,20-08-2016,Kg,65,70,67.5
74820,Ginger,21-08-2016,Kg,65,70,67.5
74890,Ginger,22-08-2016,Kg,65,70,67.5
74960,Ginger,23-08-2016,Kg,65,70,67.5
75030,Ginger,24-08-2016,Kg,65,70,67.5
75101,Ginger,25-08-2016,Kg,55,70,62.5
75170,Ginger,26-08-2016,Kg,65,70,67.5
75240,Ginger,27-08-2016,Kg,65,70,67.5
75309,Ginger,28-08-2016,Kg,65,70,67.5
75377,Ginger,29-08-2016,Kg,65,70,67.5
75445,Ginger,30-08-2016,Kg,65,70,67.5
75514,Ginger,31-08-2016,Kg,60,70,65
75583,Ginger,01-09-2016,Kg,65,70,67.5
75653,Ginger,02-09-2016,Kg,60,70,65
75723,Ginger,03-09-2016,Kg,60,70,65
75792,Ginger,04-09-2016,Kg,60,70,65
75861,Ginger,05-09-2016,Kg,60,75,67.5
75930,Ginger,06-09-2016,Kg,60,70,65
75997,Ginger,07-09-2016,Kg,60,70,65
76065,Ginger,08-09-2016,Kg,60,70,65
76133,Ginger,09-09-2016,Kg,60,70,65
76202,Ginger,10-09-2016,Kg,60,70,65
76269,Ginger,11-09-2016,Kg,60,70,65
76337,Ginger,12-09-2016,Kg,60,70,65
76404,Ginger,13-09-2016,Kg,60,70,65
76472,Ginger,14-09-2016,Kg,60,70,65
76540,Ginger,15-09-2016,Kg,60,65,62.5
76607,Ginger,16-09-2016,Kg,70,80,75
76674,Ginger,17-09-2016,Kg,70,80,75
76741,Ginger,18-09-2016,Kg,70,80,75
76808,Ginger,19-09-2016,Kg,70,80,75
76875,Ginger,20-09-2016,Kg,70,80,75
76943,Ginger,21-09-2016,Kg,70,80,75
77008,Ginger,22-09-2016,Kg,70,80,75
77073,Ginger,23-09-2016,Kg,70,80,75
77138,Ginger,24-09-2016,Kg,70,80,75
77204,Ginger,25-09-2016,Kg,70,80,75
77270,Ginger,26-09-2016,Kg,70,80,75
77336,Ginger,27-09-2016,Kg,70,80,75
77402,Ginger,28-09-2016,Kg,70,80,75
77470,Ginger,29-09-2016,Kg,70,80,75
77538,Ginger,30-09-2016,Kg,70,80,75
77606,Ginger,01-10-2016,Kg,70,80,75
77674,Ginger,02-10-2016,Kg,70,80,75
77742,Ginger,03-10-2016,Kg,70,80,75
77810,Ginger,04-10-2016,Kg,70,80,75
77878,Ginger,05-10-2016,Kg,70,80,75
77947,Ginger,06-10-2016,Kg,70,80,75
78016,Ginger,07-10-2016,Kg,70,80,75
78084,Ginger,08-10-2016,Kg,70,80,75
78151,Ginger,09-10-2016,Kg,70,80,75
78215,Ginger,10-10-2016,Kg,70,80,75
78277,Ginger,11-10-2016,Kg,70,80,75
78337,Ginger,12-10-2016,Kg,70,80,75
78402,Ginger,13-10-2016,Kg,70,80,75
78468,Ginger,14-10-2016,Kg,70,80,75
78535,Ginger,15-10-2016,Kg,70,80,75
78604,Ginger,16-10-2016,Kg,70,80,75
78674,Ginger,17-10-2016,Kg,60,70,65
78744,Ginger,18-10-2016,Kg,60,70,65
78814,Ginger,19-10-2016,Kg,60,70,65
78884,Ginger,20-10-2016,Kg,60,70,65
78954,Ginger,21-10-2016,Kg,60,70,65
79023,Ginger,22-10-2016,Kg,60,70,65
79093,Ginger,23-10-2016,Kg,60,70,65
79162,Ginger,24-10-2016,Kg,60,70,65
79230,Ginger,25-10-2016,Kg,50,60,55
79298,Ginger,26-10-2016,Kg,50,60,55
79366,Ginger,27-10-2016,Kg,50,60,55
79434,Ginger,28-10-2016,Kg,50,60,55
79502,Ginger,29-10-2016,Kg,50,60,55
79570,Ginger,30-10-2016,Kg,50,60,55
79637,Ginger,31-10-2016,Kg,50,60,55
79702,Ginger,01-11-2016,Kg,50,60,55
79768,Ginger,02-11-2016,Kg,50,60,55
79834,Ginger,03-11-2016,Kg,50,60,55
79900,Ginger,04-11-2016,Kg,50,60,55
79966,Ginger,05-11-2016,Kg,50,60,55
80032,Ginger,06-11-2016,Kg,50,55,52.5
80098,Ginger,07-11-2016,Kg,50,60,55
80164,Ginger,08-11-2016,Kg,50,60,55
80229,Ginger,09-11-2016,Kg,50,60,55
80295,Ginger,10-11-2016,Kg,50,60,55
80362,Ginger,11-11-2016,Kg,50,60,55
80429,Ginger,12-11-2016,Kg,50,60,55
80496,Ginger,13-11-2016,Kg,50,60,55
80562,Ginger,14-11-2016,Kg,50,60,55
80628,Ginger,15-11-2016,Kg,50,60,55
80694,Ginger,16-11-2016,Kg,50,60,55
80759,Ginger,17-11-2016,Kg,50,60,55
80824,Ginger,18-11-2016,Kg,50,60,55
80891,Ginger,19-11-2016,Kg,50,60,55
80956,Ginger,20-11-2016,Kg,50,60,55
81022,Ginger,21-11-2016,Kg,50,60,55
81088,Ginger,22-11-2016,Kg,50,60,55
81154,Ginger,23-11-2016,Kg,50,60,55
81221,Ginger,24-11-2016,Kg,50,60,55
81288,Ginger,25-11-2016,Kg,50,60,55
81355,Ginger,26-11-2016,Kg,50,60,55
81424,Ginger,27-11-2016,Kg,50,60,55
81493,Ginger,28-11-2016,Kg,50,60,55
81561,Ginger,29-11-2016,Kg,50,60,55
81630,Ginger,30-11-2016,Kg,50,60,55
81700,Ginger,01-12-2016,Kg,50,60,55
81770,Ginger,02-12-2016,Kg,50,60,55
81840,Ginger,03-12-2016,Kg,50,60,55
81910,Ginger,04-12-2016,Kg,50,60,55
81981,Ginger,05-12-2016,Kg,50,60,55
82052,Ginger,06-12-2016,Kg,50,60,55
82123,Ginger,07-12-2016,Kg,50,60,55
82194,Ginger,08-12-2016,Kg,50,60,55
82265,Ginger,09-12-2016,Kg,50,60,55
82336,Ginger,10-12-2016,Kg,50,60,55
82407,Ginger,11-12-2016,Kg,50,60,55
82478,Ginger,12-12-2016,Kg,50,60,55
82549,Ginger,13-12-2016,Kg,50,60,55
82620,Ginger,14-12-2016,Kg,50,60,55
82691,Ginger,15-12-2016,Kg,50,60,55
82762,Ginger,16-12-2016,Kg,50,60,55
82833,Ginger,17-12-2016,Kg,50,60,55
82904,Ginger,18-12-2016,Kg,50,60,55
82975,Ginger,19-12-2016,Kg,50,60,55
83046,Ginger,20-12-2016,Kg,50,60,55
83117,Ginger,21-12-2016,Kg,50,60,55
83188,Ginger,22-12-2016,Kg,50,60,55
83259,Ginger,23-12-2016,Kg,50,60,55
83329,Ginger,24-12-2016,Kg,50,60,55
83399,Ginger,25-12-2016,Kg,50,60,55
83469,Ginger,26-12-2016,Kg,50,60,55
83537,Ginger,27-12-2016,Kg,50,60,55
83606,Ginger,28-12-2016,Kg,40,50,45
83675,Ginger,29-12-2016,Kg,40,50,45
83743,Ginger,30-12-2016,Kg,40,50,45
83812,Ginger,31-12-2016,Kg,40,50,45
83883,Ginger,01-01-2017,Kg,40,50,45
83954,Ginger,02-01-2017,Kg,40,50,45
84026,Ginger,03-01-2017,Kg,40,50,45
84098,Ginger,04-01-2017,Kg,40,45,42.5
84170,Ginger,05-01-2017,Kg,40,50,45
84242,Ginger,06-01-2017,Kg,40,50,45
84313,Ginger,07-01-2017,Kg,40,50,45
84385,Ginger,08-01-2017,Kg,40,50,45
84457,Ginger,09-01-2017,Kg,40,50,45
84529,Ginger,10-01-2017,Kg,40,50,45
84601,Ginger,11-01-2017,Kg,40,50,45
84670,Ginger,12-01-2017,Kg,40,45,42.5
84738,Ginger,13-01-2017,Kg,40,50,45
84807,Ginger,14-01-2017,Kg,40,45,42.5
84875,Ginger,15-01-2017,Kg,40,50,45
84946,Ginger,16-01-2017,Kg,40,50,45
85016,Ginger,17-01-2017,Kg,40,50,45
85087,Ginger,18-01-2017,Kg,50,60,55
85157,Ginger,19-01-2017,Kg,40,50,45
85227,Ginger,20-01-2017,Kg,40,50,45
85296,Ginger,21-01-2017,Kg,40,50,45
85366,Ginger,22-01-2017,Kg,40,50,45
85436,Ginger,23-01-2017,Kg,40,50,45
85506,Ginger,24-01-2017,Kg,40,50,45
85576,Ginger,25-01-2017,Kg,40,50,45
85646,Ginger,26-01-2017,Kg,40,50,45
85716,Ginger,27-01-2017,Kg,40,50,45
85786,Ginger,28-01-2017,Kg,45,50,47.5
85854,Ginger,29-01-2017,Kg,45,50,47.5
85924,Ginger,30-01-2017,Kg,40,50,45
85995,Ginger,31-01-2017,Kg,40,50,45
86066,Ginger,01-02-2017,Kg,40,50,45
86137,Ginger,02-02-2017,Kg,40,50,45
86209,Ginger,03-02-2017,Kg,40,50,45
86281,Ginger,04-02-2017,Kg,40,50,45
86352,Ginger,05-02-2017,Kg,40,50,45
86424,Ginger,06-02-2017,Kg,45,50,47.5
86496,Ginger,07-02-2017,Kg,40,50,45
86568,Ginger,08-02-2017,Kg,40,50,45
86640,Ginger,09-02-2017,Kg,40,50,45
86712,Ginger,10-02-2017,Kg,40,50,45
86784,Ginger,11-02-2017,Kg,40,50,45
86856,Ginger,12-02-2017,Kg,40,50,45
86928,Ginger,13-02-2017,Kg,40,50,45
87000,Ginger,14-02-2017,Kg,40,50,45
87072,Ginger,15-02-2017,Kg,40,50,45
87144,Ginger,16-02-2017,Kg,40,50,45
87215,Ginger,17-02-2017,Kg,40,50,45
87285,Ginger,18-02-2017,Kg,40,50,45
87357,Ginger,19-02-2017,Kg,40,50,45
87429,Ginger,20-02-2017,Kg,40,50,45
87501,Ginger,21-02-2017,Kg,40,50,45
87573,Ginger,22-02-2017,Kg,40,50,45
87645,Ginger,23-02-2017,Kg,40,50,45
87717,Ginger,25-02-2017,Kg,40,50,45
87789,Ginger,26-02-2017,Kg,40,50,45
87861,Ginger,27-02-2017,Kg,40,50,45
87933,Ginger,28-02-2017,Kg,40,50,45
88005,Ginger,01-03-2017,Kg,40,50,45
88076,Ginger,02-03-2017,Kg,40,50,45
88148,Ginger,04-03-2017,Kg,40,50,45
88219,Ginger,05-03-2017,Kg,40,50,45
88290,Ginger,06-03-2017,Kg,40,50,45
88361,Ginger,07-03-2017,Kg,40,50,45
88433,Ginger,08-03-2017,Kg,40,50,45
88505,Ginger,09-03-2017,Kg,40,50,45
88577,Ginger,10-03-2017,Kg,40,50,45
88649,Ginger,11-03-2017,Kg,40,50,45
88720,Ginger,13-03-2017,Kg,40,50,45
88791,Ginger,14-03-2017,Kg,40,50,45
88862,Ginger,15-03-2017,Kg,40,50,45
88934,Ginger,16-03-2017,Kg,40,50,45
89006,Ginger,17-03-2017,Kg,45,50,47.5
89078,Ginger,18-03-2017,Kg,45,55,50
89150,Ginger,19-03-2017,Kg,40,50,45
89222,Ginger,20-03-2017,Kg,40,50,45
89294,Ginger,21-03-2017,Kg,40,50,45
89367,Ginger,22-03-2017,Kg,40,50,45
89440,Ginger,23-03-2017,Kg,40,50,45
89513,Ginger,24-03-2017,Kg,40,50,45
89586,Ginger,25-03-2017,Kg,40,50,45
89659,Ginger,26-03-2017,Kg,40,50,45
89732,Ginger,27-03-2017,Kg,40,50,45
89804,Ginger,28-03-2017,Kg,40,50,45
89875,Ginger,29-03-2017,Kg,40,50,45
89948,Ginger,30-03-2017,Kg,45,50,47.5
90021,Ginger,31-03-2017,Kg,45,50,47.5
90094,Ginger,01-04-2017,Kg,45,50,47.5
90167,Ginger,02-04-2017,Kg,45,50,47.5
90240,Ginger,03-04-2017,Kg,45,50,47.5
90313,Ginger,04-04-2017,Kg,45,50,47.5
90386,Ginger,05-04-2017,Kg,45,50,47.5
90459,Ginger,06-04-2017,Kg,45,50,47.5
90531,Ginger,07-04-2017,Kg,45,50,47.5
90603,Ginger,08-04-2017,Kg,45,50,47.5
90675,Ginger,09-04-2017,Kg,45,50,47.5
90748,Ginger,10-04-2017,Kg,45,50,47.5
90819,Ginger,11-04-2017,Kg,45,50,47.5
90890,Ginger,12-04-2017,Kg,45,50,47.5
90960,Ginger,13-04-2017,Kg,45,50,47.5
91032,Ginger,14-04-2017,Kg,45,50,47.5
91103,Ginger,15-04-2017,Kg,45,50,47.5
91174,Ginger,16-04-2017,Kg,45,50,47.5
91248,Ginger,17-04-2017,Kg,45,50,47.5
91319,Ginger,18-04-2017,Kg,45,50,47.5
91391,Ginger,19-04-2017,Kg,45,50,47.5
91461,Ginger,20-04-2017,Kg,45,50,47.5
91532,Ginger,21-04-2017,Kg,45,50,47.5
91603,Ginger,22-04-2017,Kg,45,50,47.5
91675,Ginger,23-04-2017,Kg,45,50,47.5
91747,Ginger,24-04-2017,Kg,45,50,47.5
91818,Ginger,25-04-2017,Kg,45,50,47.5
91889,Ginger,26-04-2017,Kg,45,50,47.5
91958,Ginger,27-04-2017,Kg,45,50,47.5
92027,Ginger,28-04-2017,Kg,45,50,47.5
92096,Ginger,29-04-2017,Kg,45,50,47.5
92163,Ginger,30-04-2017,Kg,45,50,47.5
92230,Ginger,01-05-2017,Kg,45,50,47.5
92297,Ginger,02-05-2017,Kg,45,50,47.5
92366,Ginger,03-05-2017,Kg,50,55,52.5
92435,Ginger,04-05-2017,Kg,50,55,52.5
92504,Ginger,05-05-2017,Kg,50,55,52.5
92573,Ginger,06-05-2017,Kg,50,55,52.5
92642,Ginger,07-05-2017,Kg,50,55,52.5
92711,Ginger,08-05-2017,Kg,55,60,57.5
92780,Ginger,09-05-2017,Kg,55,60,57.5
92849,Ginger,10-05-2017,Kg,55,60,57.5
92917,Ginger,11-05-2017,Kg,55,60,57.5
92984,Ginger,12-05-2017,Kg,55,60,57.5
93051,Ginger,13-05-2017,Kg,52,60,56
93117,Ginger,15-05-2017,Kg,55,60,57.5
93186,Ginger,16-05-2017,Kg,55,60,57.5
93255,Ginger,17-05-2017,Kg,55,60,57.5
93323,Ginger,18-05-2017,Kg,55,60,57.5
93391,Ginger,19-05-2017,Kg,55,60,57.5
93459,Ginger,20-05-2017,Kg,55,60,57.5
93527,Ginger,21-05-2017,Kg,55,60,57.5
93595,Ginger,22-05-2017,Kg,55,60,57.5
93663,Ginger,23-05-2017,Kg,55,60,57.5
93731,Ginger,24-05-2017,Kg,55,60,57.5
93799,Ginger,25-05-2017,Kg,55,60,57.5
93867,Ginger,26-05-2017,Kg,55,60,57.5
93935,Ginger,27-05-2017,Kg,55,60,57.5
94004,Ginger,28-05-2017,Kg,55,60,57.5
94073,Ginger,29-05-2017,Kg,55,60,57.5
94142,Ginger,30-05-2017,Kg,55,60,57.5
94212,Ginger,31-05-2017,Kg,55,60,57.5
94283,Ginger,01-06-2017,Kg,55,60,57.5
94354,Ginger,02-06-2017,Kg,55,60,57.5
94425,Ginger,03-06-2017,Kg,55,60,57.5
94496,Ginger,04-06-2017,Kg,55,60,57.5
94567,Ginger,05-06-2017,Kg,55,60,57.5
94637,Ginger,06-06-2017,Kg,55,60,57.5
94708,Ginger,07-06-2017,Kg,55,60,57.5
94780,Ginger,08-06-2017,Kg,55,60,57.5
94852,Ginger,09-06-2017,Kg,55,60,57.5
94924,Ginger,10-06-2017,Kg,55,60,57.5
94996,Ginger,11-06-2017,Kg,55,60,57.5
95069,Ginger,12-06-2017,Kg,55,60,57.5
95141,Ginger,13-06-2017,Kg,55,60,57.5
95212,Ginger,14-06-2017,Kg,55,60,57.5
95283,Ginger,15-06-2017,Kg,55,60,57.5
95354,Ginger,16-06-2017,Kg,55,60,57.5
95425,Ginger,17-06-2017,Kg,55,60,57.5
95495,Ginger,18-06-2017,Kg,60,65,62.5
95564,Ginger,19-06-2017,Kg,60,65,62.5
95633,Ginger,20-06-2017,Kg,60,65,62.5
95701,Ginger,21-06-2017,Kg,60,65,62.5
95768,Ginger,22-06-2017,Kg,60,65,62.5
95836,Ginger,23-06-2017,Kg,50,55,52.5
95904,Ginger,24-06-2017,Kg,50,55,52.5
95970,Ginger,25-06-2017,Kg,50,55,52.5
96035,Ginger,26-06-2017,Kg,50,55,52.5
96102,Ginger,27-06-2017,Kg,50,55,52.5
96169,Ginger,28-06-2017,Kg,50,55,52.5
96236,Ginger,29-06-2017,Kg,50,55,52.5
96302,Ginger,30-06-2017,Kg,50,55,52.5
96368,Ginger,01-07-2017,Kg,50,55,52.5
96434,Ginger,02-07-2017,Kg,50,55,52.5
96499,Ginger,03-07-2017,Kg,50,55,52.5
96566,Ginger,04-07-2017,Kg,50,55,52.5
96633,Ginger,05-07-2017,Kg,50,55,52.5
96700,Ginger,06-07-2017,Kg,50,55,52.5
96768,Ginger,07-07-2017,Kg,50,55,52.5
96836,Ginger,08-07-2017,Kg,50,55,52.5
96905,Ginger,09-07-2017,Kg,50,55,52.5
96973,Ginger,10-07-2017,Kg,50,55,52.5
97041,Ginger,11-07-2017,Kg,50,55,52.5
97109,Ginger,12-07-2017,Kg,50,55,52.5
97177,Ginger,13-07-2017,Kg,50,55,52.5
97245,Ginger,14-07-2017,Kg,50,55,52.5
97313,Ginger,15-07-2017,Kg,50,55,52.5
97381,Ginger,16-07-2017,Kg,50,60,55
97449,Ginger,17-07-2017,Kg,50,55,52.5
97517,Ginger,18-07-2017,Kg,50,55,52.5
97585,Ginger,19-07-2017,Kg,50,55,52.5
97653,Ginger,20-07-2017,Kg,50,55,52.5
97721,Ginger,21-07-2017,Kg,50,55,52.5
97789,Ginger,22-07-2017,Kg,50,55,52.5
97857,Ginger,23-07-2017,Kg,50,55,52.5
97926,Ginger,24-07-2017,Kg,50,55,52.5
97995,Ginger,25-07-2017,Kg,50,55,52.5
98064,Ginger,26-07-2017,Kg,50,55,52.5
98133,Ginger,27-07-2017,Kg,50,55,52.5
98202,Ginger,28-07-2017,Kg,50,55,52.5
98271,Ginger,29-07-2017,Kg,50,55,52.5
98340,Ginger,30-07-2017,Kg,50,55,52.5
98409,Ginger,31-07-2017,Kg,50,55,52.5
98477,Ginger,01-08-2017,Kg,50,55,52.5
98545,Ginger,02-08-2017,Kg,50,55,52.5
98613,Ginger,03-08-2017,Kg,50,55,52.5
98682,Ginger,04-08-2017,Kg,50,55,52.5
98751,Ginger,05-08-2017,Kg,50,55,52.5
98820,Ginger,06-08-2017,Kg,50,55,52.5
98886,Ginger,07-08-2017,Kg,50,55,52.5
98952,Ginger,08-08-2017,Kg,50,55,52.5
99019,Ginger,09-08-2017,Kg,50,55,52.5
99086,Ginger,10-08-2017,Kg,50,55,52.5
99152,Ginger,11-08-2017,Kg,50,55,52.5
99218,Ginger,12-08-2017,Kg,50,55,52.5
99283,Ginger,13-08-2017,Kg,50,55,52.5
99348,Ginger,14-08-2017,Kg,50,55,52.5
99414,Ginger,15-08-2017,Kg,50,55,52.5
99479,Ginger,16-08-2017,Kg,50,55,52.5
99544,Ginger,17-08-2017,Kg,60,65,62.5
99609,Ginger,18-08-2017,Kg,60,65,62.5
99674,Ginger,19-08-2017,Kg,60,65,62.5
99739,Ginger,20-08-2017,Kg,60,65,62.5
99805,Ginger,21-08-2017,Kg,60,65,62.5
99871,Ginger,22-08-2017,Kg,60,65,62.5
99937,Ginger,23-08-2017,Kg,60,65,62.5
100003,Ginger,24-08-2017,Kg,60,65,62.5
100069,Ginger,25-08-2017,Kg,65,70,67.5
100135,Ginger,26-08-2017,Kg,65,70,67.5
100201,Ginger,27-08-2017,Kg,65,70,67.5
100267,Ginger,28-08-2017,Kg,65,70,67.5
100333,Ginger,29-08-2017,Kg,65,70,67.5
100399,Ginger,30-08-2017,Kg,60,65,62.5
100465,Ginger,31-08-2017,Kg,60,65,62.5
100531,Ginger,01-09-2017,Kg,60,65,62.5
100597,Ginger,02-09-2017,Kg,60,65,62.5
100663,Ginger,03-09-2017,Kg,50,55,52.5
100729,Ginger,04-09-2017,Kg,50,55,52.5
100795,Ginger,05-09-2017,Kg,50,55,52.5
100860,Ginger,06-09-2017,Kg,50,55,52.5
100925,Ginger,07-09-2017,Kg,50,55,52.5
100991,Ginger,08-09-2017,Kg,50,55,52.5
101057,Ginger,09-09-2017,Kg,50,55,52.5
101122,Ginger,10-09-2017,Kg,50,55,52.5
101186,Ginger,11-09-2017,Kg,50,60,55
101251,Ginger,12-09-2017,Kg,50,55,52.5
101316,Ginger,13-09-2017,Kg,50,55,52.5
101381,Ginger,14-09-2017,Kg,50,55,52.5
101447,Ginger,15-09-2017,Kg,50,55,52.5
101513,Ginger,16-09-2017,Kg,50,58,54
101579,Ginger,17-09-2017,Kg,50,55,52.5
101645,Ginger,18-09-2017,Kg,50,55,52.5
101712,Ginger,20-09-2017,Kg,50,55,52.5
101779,Ginger,21-09-2017,Kg,50,55,52.5
101846,Ginger,22-09-2017,Kg,50,55,52.5
101913,Ginger,23-09-2017,Kg,50,55,52.5
101979,Ginger,24-09-2017,Kg,50,55,52.5
102046,Ginger,25-09-2017,Kg,50,55,52.5
102112,Ginger,26-09-2017,Kg,50,55,52.5
102179,Ginger,27-09-2017,Kg,50,55,52.5
102245,Ginger,28-09-2017,Kg,50,55,52.5
102310,Ginger,29-09-2017,Kg,50,55,52.5
102373,Ginger,30-09-2017,Kg,50,55,52.5
102435,Ginger,01-10-2017,Kg,50,55,52.5
102500,Ginger,02-10-2017,Kg,50,55,52.5
102566,Ginger,03-10-2017,Kg,50,55,52.5
102631,Ginger,04-10-2017,Kg,50,55,52.5
102697,Ginger,05-10-2017,Kg,50,55,52.5
102763,Ginger,06-10-2017,Kg,50,55,52.5
102829,Ginger,07-10-2017,Kg,50,55,52.5
102894,Ginger,08-10-2017,Kg,50,55,52.5
102959,Ginger,09-10-2017,Kg,50,55,52.5
103024,Ginger,10-10-2017,Kg,50,55,52.5
103089,Ginger,11-10-2017,Kg,50,55,52.5
103153,Ginger,12-10-2017,Kg,50,55,52.5
103219,Ginger,13-10-2017,Kg,50,55,52.5
103285,Ginger,14-10-2017,Kg,50,55,52.5
103351,Ginger,15-10-2017,Kg,50,55,52.5
103417,Ginger,16-10-2017,Kg,50,55,52.5
103483,Ginger,17-10-2017,Kg,50,55,52.5
103549,Ginger,18-10-2017,Kg,50,55,52.5
103615,Ginger,19-10-2017,Kg,50,55,52.5
103680,Ginger,20-10-2017,Kg,50,55,52.5
103742,Ginger,21-10-2017,Kg,50,55,52.5
103805,Ginger,22-10-2017,Kg,50,55,52.5
103869,Ginger,23-10-2017,Kg,50,55,52.5
103934,Ginger,24-10-2017,Kg,50,55,52.5
103999,Ginger,25-10-2017,Kg,50,55,52.5
104062,Ginger,26-10-2017,Kg,50,55,52.5
104127,Ginger,27-10-2017,Kg,50,55,52.5
104192,Ginger,28-10-2017,Kg,50,55,52.5
104256,Ginger,29-10-2017,Kg,50,55,52.5
104321,Ginger,30-10-2017,Kg,50,55,52.5
104385,Ginger,31-10-2017,Kg,50,55,52.5
104449,Ginger,01-11-2017,Kg,50,55,52.5
104513,Ginger,02-11-2017,Kg,50,55,52.5
104577,Ginger,03-11-2017,Kg,50,55,52.5
104640,Ginger,04-11-2017,Kg,50,55,52.5
104703,Ginger,05-11-2017,Kg,50,55,52.5
104767,Ginger,06-11-2017,Kg,50,55,52.5
104832,Ginger,07-11-2017,Kg,50,55,52.5
104897,Ginger,08-11-2017,Kg,50,55,52.5
104962,Ginger,09-11-2017,Kg,45,50,47.5
105026,Ginger,10-11-2017,Kg,45,50,47.5
105091,Ginger,11-11-2017,Kg,45,50,47.5
105156,Ginger,12-11-2017,Kg,45,50,47.5
105221,Ginger,13-11-2017,Kg,50,55,52.5
105286,Ginger,14-11-2017,Kg,50,55,52.5
105351,Ginger,15-11-2017,Kg,50,55,52.5
105416,Ginger,16-11-2017,Kg,50,55,52.5
105481,Ginger,17-11-2017,Kg,50,55,52.5
105546,Ginger,18-11-2017,Kg,50,55,52.5
105611,Ginger,19-11-2017,Kg,50,55,52.5
105677,Ginger,20-11-2017,Kg,50,55,52.5
105743,Ginger,21-11-2017,Kg,50,55,52.5
105810,Ginger,22-11-2017,Kg,50,55,52.5
105876,Ginger,23-11-2017,Kg,50,55,52.5
105944,Ginger,24-11-2017,Kg,50,55,52.5
106012,Ginger,25-11-2017,Kg,50,55,52.5
106080,Ginger,26-11-2017,Kg,50,55,52.5
106148,Ginger,27-11-2017,Kg,50,55,52.5
106216,Ginger,28-11-2017,Kg,50,55,52.5
106284,Ginger,29-11-2017,Kg,50,55,52.5
106351,Ginger,30-11-2017,Kg,50,55,52.5
106418,Ginger,01-12-2017,Kg,50,55,52.5
106485,Ginger,02-12-2017,Kg,50,55,52.5
106554,Ginger,03-12-2017,Kg,50,55,52.5
106620,Ginger,04-12-2017,Kg,50,55,52.5
106686,Ginger,05-12-2017,Kg,50,55,52.5
106752,Ginger,06-12-2017,Kg,50,55,52.5
106816,Ginger,08-12-2017,Kg,50,55,52.5
106880,Ginger,09-12-2017,Kg,50,55,52.5
106945,Ginger,10-12-2017,Kg,50,55,52.5
107011,Ginger,11-12-2017,Kg,50,55,52.5
107077,Ginger,12-12-2017,Kg,50,55,52.5
107142,Ginger,13-12-2017,Kg,50,55,52.5
107207,Ginger,14-12-2017,Kg,50,55,52.5
107272,Ginger,15-12-2017,Kg,50,55,52.5
107337,Ginger,16-12-2017,Kg,50,55,52.5
107402,Ginger,17-12-2017,Kg,50,55,52.5
107468,Ginger,18-12-2017,Kg,50,55,52.5
107534,Ginger,19-12-2017,Kg,50,55,52.5
107599,Ginger,20-12-2017,Kg,40,45,42.5
107666,Ginger,27-12-2017,Kg,40,45,42.5
107734,Ginger,28-12-2017,Kg,40,45,42.5
107802,Ginger,29-12-2017,Kg,40,45,42.5
107870,Ginger,30-12-2017,Kg,40,45,42.5
107938,Ginger,31-12-2017,Kg,40,45,42.5
108006,Ginger,01-01-2018,Kg,40,45,42.5
108073,Ginger,02-01-2018,Kg,40,45,42.5
108140,Ginger,03-01-2018,Kg,40,45,42.5
108207,Ginger,04-01-2018,Kg,40,45,42.5
108274,Ginger,05-01-2018,Kg,40,45,42.5
108341,Ginger,06-01-2018,Kg,40,45,42.5
108407,Ginger,07-01-2018,Kg,45,50,47.5
108473,Ginger,08-01-2018,Kg,45,50,47.5
108539,Ginger,09-01-2018,Kg,45,50,47.5
108607,Ginger,10-01-2018,Kg,45,50,47.5
108675,Ginger,11-01-2018,Kg,45,50,47.5
108743,Ginger,12-01-2018,Kg,45,50,47.5
108810,Ginger,13-01-2018,Kg,45,50,47.5
108877,Ginger,14-01-2018,Kg,45,50,47.5
108943,Ginger,16-01-2018,Kg,45,50,47.5
109009,Ginger,17-01-2018,Kg,45,50,47.5
109075,Ginger,18-01-2018,Kg,45,50,47.5
109140,Ginger,19-01-2018,Kg,45,50,47.5
109205,Ginger,20-01-2018,Kg,45,50,47.5
109271,Ginger,21-01-2018,Kg,45,50,47.5
109335,Ginger,22-01-2018,Kg,45,50,47.5
109402,Ginger,23-01-2018,Kg,45,50,47.5
109469,Ginger,24-01-2018,Kg,45,50,47.5
109537,Ginger,25-01-2018,Kg,45,50,47.5
109603,Ginger,26-01-2018,Kg,45,50,47.5
109672,Ginger,27-01-2018,Kg,45,50,47.5
109741,Ginger,28-01-2018,Kg,45,50,47.5
109809,Ginger,29-01-2018,Kg,45,50,47.5
109879,Ginger,30-01-2018,Kg,45,50,47.5
109949,Ginger,31-01-2018,Kg,45,50,47.5
110020,Ginger,01-02-2018,Kg,45,50,47.5
110091,Ginger,02-02-2018,Kg,45,50,47.5
110162,Ginger,03-02-2018,Kg,45,50,47.5
110231,Ginger,04-02-2018,Kg,45,50,47.5
110299,Ginger,05-02-2018,Kg,45,50,47.5
110367,Ginger,06-02-2018,Kg,45,50,47.5
110434,Ginger,07-02-2018,Kg,45,50,47.5
110501,Ginger,08-02-2018,Kg,45,50,47.5
110568,Ginger,09-02-2018,Kg,45,50,47.5
110635,Ginger,10-02-2018,Kg,45,50,47.5
110699,Ginger,11-02-2018,Kg,45,50,47.5
110763,Ginger,12-02-2018,Kg,45,50,47.5
110827,Ginger,13-02-2018,Kg,45,50,47.5
110893,Ginger,14-02-2018,Kg,45,50,47.5
110960,Ginger,15-02-2018,Kg,45,50,47.5
111026,Ginger,16-02-2018,Kg,45,50,47.5
111093,Ginger,17-02-2018,Kg,45,50,47.5
111160,Ginger,18-02-2018,Kg,45,50,47.5
111227,Ginger,19-02-2018,Kg,45,50,47.5
111294,Ginger,20-02-2018,Kg,45,50,47.5
111361,Ginger,21-02-2018,Kg,45,50,47.5
111429,Ginger,22-02-2018,Kg,45,50,47.5
111497,Ginger,23-02-2018,Kg,45,50,47.5
111565,Ginger,24-02-2018,Kg,45,50,47.5
111633,Ginger,25-02-2018,Kg,45,50,47.5
111701,Ginger,26-02-2018,Kg,45,50,47.5
111768,Ginger,27-02-2018,Kg,45,50,47.5
111835,Ginger,28-02-2018,Kg,45,50,47.5
111902,Ginger,01-03-2018,Kg,45,50,47.5
111969,Ginger,02-03-2018,Kg,45,50,47.5
112036,Ginger,03-03-2018,Kg,45,50,47.5
112101,Ginger,05-03-2018,Kg,45,50,47.5
112166,Ginger,06-03-2018,Kg,50,55,52.5
112232,Ginger,07-03-2018,Kg,50,55,52.5
112299,Ginger,08-03-2018,Kg,50,55,52.5
112365,Ginger,09-03-2018,Kg,50,55,52.5
112430,Ginger,10-03-2018,Kg,60,70,65
112498,Ginger,11-03-2018,Kg,50,55,52.5
112569,Ginger,12-03-2018,Kg,50,55,52.5
112638,Ginger,13-03-2018,Kg,50,55,52.5
112708,Ginger,14-03-2018,Kg,55,60,57.5
112778,Ginger,15-03-2018,Kg,60,65,62.5
112848,Ginger,16-03-2018,Kg,60,65,62.5
112918,Ginger,17-03-2018,Kg,60,65,62.5
112987,Ginger,18-03-2018,Kg,60,65,62.5
113057,Ginger,19-03-2018,Kg,60,65,62.5
113128,Ginger,20-03-2018,Kg,50,55,52.5
113199,Ginger,21-03-2018,Kg,55,60,57.5
113269,Ginger,22-03-2018,Kg,50,55,52.5
113340,Ginger,23-03-2018,Kg,50,55,52.5
113411,Ginger,24-03-2018,Kg,50,55,52.5
113481,Ginger,25-03-2018,Kg,50,55,52.5
113552,Ginger,26-03-2018,Kg,50,55,52.5
113622,Ginger,27-03-2018,Kg,50,55,52.5
113691,Ginger,28-03-2018,Kg,50,55,52.5
113759,Ginger,29-03-2018,Kg,50,55,52.5
113829,Ginger,30-03-2018,Kg,50,55,52.5
113899,Ginger,31-03-2018,Kg,50,55,52.5
113969,Ginger,01-04-2018,Kg,55,60,57.5
114039,Ginger,02-04-2018,Kg,55,60,57.5
114111,Ginger,03-04-2018,Kg,55,60,57.5
114182,Ginger,04-04-2018,Kg,55,60,57.5
114253,Ginger,05-04-2018,Kg,55,60,57.5
114322,Ginger,06-04-2018,Kg,55,60,57.5
114391,Ginger,07-04-2018,Kg,55,60,57.5
114460,Ginger,08-04-2018,Kg,55,60,57.5
114528,Ginger,09-04-2018,Kg,55,60,57.5
114597,Ginger,10-04-2018,Kg,55,60,57.5
114665,Ginger,11-04-2018,Kg,55,60,57.5
114732,Ginger,12-04-2018,Kg,55,60,57.5
114799,Ginger,13-04-2018,Kg,55,60,57.5
114866,Ginger,14-04-2018,Kg,55,60,57.5
114933,Ginger,15-04-2018,Kg,55,60,57.5
115000,Ginger,16-04-2018,Kg,55,60,57.5
115068,Ginger,17-04-2018,Kg,55,60,57.5
115136,Ginger,18-04-2018,Kg,55,60,57.5
115204,Ginger,19-04-2018,Kg,55,60,57.5
115272,Ginger,20-04-2018,Kg,55,60,57.5
115339,Ginger,21-04-2018,Kg,55,60,57.5
115407,Ginger,22-04-2018,Kg,55,60,57.5
115475,Ginger,23-04-2018,Kg,55,60,57.5
115543,Ginger,24-04-2018,Kg,55,60,57.5
115610,Ginger,25-04-2018,Kg,55,60,57.5
115677,Ginger,26-04-2018,Kg,55,60,57.5
115744,Ginger,27-04-2018,Kg,55,60,57.5
115811,Ginger,28-04-2018,Kg,55,60,57.5
115878,Ginger,29-04-2018,Kg,55,60,57.5
115946,Ginger,30-04-2018,Kg,55,60,57.5
116014,Ginger,01-05-2018,Kg,55,60,57.5
116082,Ginger,02-05-2018,Kg,55,60,57.5
116150,Ginger,03-05-2018,Kg,55,60,57.5
116218,Ginger,04-05-2018,Kg,55,60,57.5
116286,Ginger,05-05-2018,Kg,55,60,57.5
116353,Ginger,06-05-2018,Kg,90,95,92.5
116420,Ginger,07-05-2018,Kg,95,100,97.5
116487,Ginger,08-05-2018,Kg,95,100,97.5
116552,Ginger,09-05-2018,Kg,95,100,97.5
116617,Ginger,10-05-2018,Kg,95,100,97.5
116682,Ginger,11-05-2018,Kg,95,100,97.5
116747,Ginger,12-05-2018,Kg,95,100,97.5
116812,Ginger,13-05-2018,Kg,95,100,97.5
116878,Ginger,14-05-2018,Kg,95,100,97.5
116944,Ginger,15-05-2018,Kg,90,100,95
117010,Ginger,16-05-2018,Kg,95,100,97.5
117076,Ginger,17-05-2018,Kg,90,100,95
117142,Ginger,18-05-2018,Kg,85,90,87.5
117208,Ginger,19-05-2018,Kg,85,90,87.5
117273,Ginger,20-05-2018,Kg,85,90,87.5
117338,Ginger,21-05-2018,Kg,85,90,87.5
117402,Ginger,22-05-2018,Kg,95,100,97.5
117466,Ginger,23-05-2018,Kg,95,100,97.5
117531,Ginger,24-05-2018,Kg,95,100,97.5
117595,Ginger,25-05-2018,Kg,95,100,97.5
117660,Ginger,26-05-2018,Kg,95,100,97.5
117724,Ginger,27-05-2018,Kg,80,85,82.5
117788,Ginger,28-05-2018,Kg,85,90,87.5
117853,Ginger,29-05-2018,Kg,85,90,87.5
117917,Ginger,30-05-2018,Kg,80,85,82.5
117982,Ginger,31-05-2018,Kg,80,85,82.5
118047,Ginger,01-06-2018,Kg,80,85,82.5
118112,Ginger,02-06-2018,Kg,80,85,82.5
118177,Ginger,03-06-2018,Kg,80,85,82.5
118242,Ginger,04-06-2018,Kg,80,85,82.5
118307,Ginger,05-06-2018,Kg,80,85,82.5
118372,Ginger,06-06-2018,Kg,80,90,85
118437,Ginger,07-06-2018,Kg,80,90,85
118501,Ginger,08-06-2018,Kg,80,85,82.5
118565,Ginger,09-06-2018,Kg,80,85,82.5
118628,Ginger,10-06-2018,Kg,80,90,85
118692,Ginger,11-06-2018,Kg,80,90,85
118755,Ginger,12-06-2018,Kg,80,90,85
118819,Ginger,13-06-2018,Kg,80,90,85
118884,Ginger,14-06-2018,Kg,80,90,85
118949,Ginger,15-06-2018,Kg,95,100,97.5
119014,Ginger,16-06-2018,Kg,95,100,97.5
119079,Ginger,17-06-2018,Kg,95,100,97.5
119144,Ginger,18-06-2018,Kg,100,110,105
119209,Ginger,19-06-2018,Kg,100,110,105
119272,Ginger,20-06-2018,Kg,100,110,105
119335,Ginger,21-06-2018,Kg,100,110,105
119398,Ginger,22-06-2018,Kg,100,110,105
119460,Ginger,23-06-2018,Kg,100,110,105
119523,Ginger,24-06-2018,Kg,100,110,105
119585,Ginger,25-06-2018,Kg,100,110,105
119647,Ginger,26-06-2018,Kg,100,110,105
119709,Ginger,27-06-2018,Kg,100,110,105
119770,Ginger,28-06-2018,Kg,100,110,105
119831,Ginger,29-06-2018,Kg,100,110,105
119893,Ginger,30-06-2018,Kg,100,110,105
119954,Ginger,01-07-2018,Kg,100,110,105
120016,Ginger,02-07-2018,Kg,100,110,105
120078,Ginger,03-07-2018,Kg,100,110,105
120139,Ginger,04-07-2018,Kg,100,110,105
120201,Ginger,05-07-2018,Kg,100,110,105
120263,Ginger,06-07-2018,Kg,90,100,95
120325,Ginger,07-07-2018,Kg,90,100,95
120387,Ginger,08-07-2018,Kg,90,100,95
120449,Ginger,09-07-2018,Kg,100,110,105
120511,Ginger,10-07-2018,Kg,95,100,97.5
120571,Ginger,11-07-2018,Kg,95,100,97.5
120631,Ginger,12-07-2018,Kg,95,100,97.5
120691,Ginger,13-07-2018,Kg,95,100,97.5
120751,Ginger,14-07-2018,Kg,95,100,97.5
120812,Ginger,15-07-2018,Kg,95,100,97.5
120873,Ginger,16-07-2018,Kg,90,100,95
120933,Ginger,17-07-2018,Kg,95,100,97.5
120993,Ginger,18-07-2018,Kg,95,100,97.5
121053,Ginger,19-07-2018,Kg,95,100,97.5
121115,Ginger,20-07-2018,Kg,95,100,97.5
121177,Ginger,21-07-2018,Kg,95,100,97.5
121239,Ginger,22-07-2018,Kg,95,100,97.5
121301,Ginger,23-07-2018,Kg,95,100,97.5
121363,Ginger,24-07-2018,Kg,95,100,97.5
121425,Ginger,25-07-2018,Kg,95,100,97.5
121487,Ginger,26-07-2018,Kg,95,100,97.5
121549,Ginger,27-07-2018,Kg,95,100,97.5
121611,Ginger,28-07-2018,Kg,95,100,97.5
121672,Ginger,29-07-2018,Kg,95,100,97.5
121733,Ginger,30-07-2018,Kg,95,100,97.5
121794,Ginger,31-07-2018,Kg,95,100,97.5
121855,Ginger,01-08-2018,Kg,100,110,105
121916,Ginger,02-08-2018,Kg,100,110,105
121977,Ginger,03-08-2018,Kg,100,110,105
122038,Ginger,04-08-2018,Kg,100,110,105
122099,Ginger,05-08-2018,Kg,100,110,105
122160,Ginger,06-08-2018,Kg,100,110,105
122221,Ginger,07-08-2018,Kg,100,110,105
122281,Ginger,08-08-2018,Kg,100,110,105
122342,Ginger,09-08-2018,Kg,100,110,105
122403,Ginger,10-08-2018,Kg,100,110,105
122464,Ginger,11-08-2018,Kg,100,110,105
122525,Ginger,12-08-2018,Kg,100,110,105
122585,Ginger,13-08-2018,Kg,100,110,105
122644,Ginger,14-08-2018,Kg,100,110,105
122703,Ginger,15-08-2018,Kg,100,110,105
122762,Ginger,16-08-2018,Kg,100,110,105
122820,Ginger,17-08-2018,Kg,100,110,105
122878,Ginger,18-08-2018,Kg,100,110,105
122937,Ginger,19-08-2018,Kg,100,110,105
122996,Ginger,20-08-2018,Kg,100,110,105
123038,Ginger,21-08-2018,Kg,100,110,105
123095,Ginger,22-08-2018,Kg,150,160,155
123154,Ginger,23-08-2018,Kg,150,160,155
123213,Ginger,24-08-2018,Kg,150,160,155
123272,Ginger,25-08-2018,Kg,150,160,155
123331,Ginger,26-08-2018,Kg,150,160,155
123392,Ginger,27-08-2018,Kg,150,160,155
123452,Ginger,28-08-2018,Kg,150,160,155
123512,Ginger,29-08-2018,Kg,135,140,137.5
123572,Ginger,30-08-2018,Kg,130,140,135
123631,Ginger,31-08-2018,Kg,140,150,145
123692,Ginger,01-09-2018,Kg,150,160,155
123753,Ginger,02-09-2018,Kg,150,160,155
123814,Ginger,03-09-2018,Kg,150,160,155
123874,Ginger,04-09-2018,Kg,150,160,155
123934,Ginger,05-09-2018,Kg,150,160,155
123995,Ginger,06-09-2018,Kg,150,160,155
124056,Ginger,07-09-2018,Kg,150,160,155
124117,Ginger,08-09-2018,Kg,150,160,155
124178,Ginger,09-09-2018,Kg,140,150,145
124239,Ginger,10-09-2018,Kg,140,150,145
124300,Ginger,11-09-2018,Kg,140,150,145
124361,Ginger,12-09-2018,Kg,140,150,145
124422,Ginger,13-09-2018,Kg,140,150,145
124483,Ginger,14-09-2018,Kg,140,150,145
124544,Ginger,15-09-2018,Kg,140,150,145
124605,Ginger,16-09-2018,Kg,130,140,135
124664,Ginger,17-09-2018,Kg,120,130,125
124722,Ginger,18-09-2018,Kg,120,130,125
124781,Ginger,19-09-2018,Kg,120,130,125
124840,Ginger,20-09-2018,Kg,110,120,115
124898,Ginger,21-09-2018,Kg,120,130,125
124956,Ginger,22-09-2018,Kg,120,130,125
125015,Ginger,23-09-2018,Kg,100,110,105
125074,Ginger,24-09-2018,Kg,100,110,105
125133,Ginger,25-09-2018,Kg,100,110,105
125191,Ginger,26-09-2018,Kg,100,110,105
125249,Ginger,27-09-2018,Kg,100,110,105
125307,Ginger,28-09-2018,Kg,100,110,105
125366,Ginger,29-09-2018,Kg,100,110,105
125425,Ginger,30-09-2018,Kg,100,110,105
125484,Ginger,01-10-2018,Kg,90,100,95
125544,Ginger,02-10-2018,Kg,90,100,95
125601,Ginger,03-10-2018,Kg,90,100,95
125662,Ginger,04-10-2018,Kg,90,100,95
125722,Ginger,05-10-2018,Kg,90,100,95
125782,Ginger,06-10-2018,Kg,90,100,95
125844,Ginger,07-10-2018,Kg,90,100,95
125906,Ginger,08-10-2018,Kg,90,100,95
125968,Ginger,09-10-2018,Kg,90,100,95
126029,Ginger,10-10-2018,Kg,90,100,95
126089,Ginger,11-10-2018,Kg,90,100,95
126150,Ginger,12-10-2018,Kg,90,100,95
126210,Ginger,13-10-2018,Kg,90,100,95
126270,Ginger,14-10-2018,Kg,90,100,95
126333,Ginger,15-10-2018,Kg,90,100,95
126395,Ginger,16-10-2018,Kg,90,100,95
126453,Ginger,17-10-2018,Kg,90,100,95
126507,Ginger,18-10-2018,Kg,90,100,95
126562,Ginger,19-10-2018,Kg,90,100,95
126619,Ginger,20-10-2018,Kg,90,100,95
126675,Ginger,21-10-2018,Kg,90,100,95
126732,Ginger,22-10-2018,Kg,90,100,95
126788,Ginger,23-10-2018,Kg,90,100,95
126848,Ginger,24-10-2018,Kg,90,100,95
126908,Ginger,25-10-2018,Kg,90,100,95
126968,Ginger,26-10-2018,Kg,90,100,95
127028,Ginger,27-10-2018,Kg,95,100,97.5
127088,Ginger,28-10-2018,Kg,95,100,97.5
127148,Ginger,29-10-2018,Kg,95,100,97.5
127207,Ginger,30-10-2018,Kg,100,110,105
127267,Ginger,31-10-2018,Kg,100,110,105
127328,Ginger,01-11-2018,Kg,90,100,95
127390,Ginger,02-11-2018,Kg,100,110,105
127452,Ginger,03-11-2018,Kg,100,110,105
127514,Ginger,04-11-2018,Kg,100,110,105
127576,Ginger,05-11-2018,Kg,100,110,105
127638,Ginger,06-11-2018,Kg,100,110,105
127700,Ginger,07-11-2018,Kg,95,100,97.5
127762,Ginger,08-11-2018,Kg,95,100,97.5
127824,Ginger,09-11-2018,Kg,95,100,97.5
127878,Ginger,10-11-2018,Kg,95,100,97.5
127940,Ginger,11-11-2018,Kg,95,100,97.5
128003,Ginger,12-11-2018,Kg,95,100,97.5
128065,Ginger,13-11-2018,Kg,95,100,97.5
128127,Ginger,14-11-2018,Kg,95,100,97.5
128189,Ginger,15-11-2018,Kg,95,100,97.5
128253,Ginger,16-11-2018,Kg,95,100,97.5
128319,Ginger,17-11-2018,Kg,95,100,97.5
128385,Ginger,18-11-2018,Kg,95,100,97.5
128452,Ginger,19-11-2018,Kg,95,100,97.5
128519,Ginger,20-11-2018,Kg,95,100,97.5
128586,Ginger,21-11-2018,Kg,95,100,97.5
128653,Ginger,22-11-2018,Kg,95,100,97.5
128719,Ginger,23-11-2018,Kg,95,100,97.5
128785,Ginger,24-11-2018,Kg,95,100,97.5
128851,Ginger,25-11-2018,Kg,95,100,97.5
128917,Ginger,26-11-2018,Kg,95,100,97.5
128983,Ginger,27-11-2018,Kg,95,100,97.5
129049,Ginger,28-11-2018,Kg,95,100,97.5
129115,Ginger,29-11-2018,Kg,95,100,97.5
129181,Ginger,30-11-2018,Kg,95,100,97.5
129247,Ginger,01-12-2018,Kg,95,100,97.5
129311,Ginger,02-12-2018,Kg,95,100,97.5
129377,Ginger,03-12-2018,Kg,95,100,97.5
129444,Ginger,04-12-2018,Kg,95,100,97.5
129511,Ginger,05-12-2018,Kg,100,110,105
129578,Ginger,06-12-2018,Kg,100,110,105
129645,Ginger,07-12-2018,Kg,100,110,105
129712,Ginger,08-12-2018,Kg,100,110,105
129778,Ginger,09-12-2018,Kg,100,110,105
129845,Ginger,10-12-2018,Kg,100,110,105
129912,Ginger,11-12-2018,Kg,100,110,105
129979,Ginger,12-12-2018,Kg,100,110,105
130044,Ginger,13-12-2018,Kg,100,110,105
130109,Ginger,14-12-2018,Kg,100,110,105
130174,Ginger,15-12-2018,Kg,100,110,105
130239,Ginger,16-12-2018,Kg,100,110,105
130304,Ginger,17-12-2018,Kg,100,115,107.5
130369,Ginger,18-12-2018,Kg,100,110,105
130434,Ginger,19-12-2018,Kg,100,115,107.5
130500,Ginger,20-12-2018,Kg,100,115,107.5
130566,Ginger,21-12-2018,Kg,100,115,107.5
130632,Ginger,22-12-2018,Kg,100,115,107.5
130699,Ginger,23-12-2018,Kg,110,120,115
130766,Ginger,24-12-2018,Kg,110,120,115
130833,Ginger,25-12-2018,Kg,110,120,115
130899,Ginger,26-12-2018,Kg,100,115,107.5
130964,Ginger,27-12-2018,Kg,110,120,115
131031,Ginger,28-12-2018,Kg,110,120,115
131098,Ginger,29-12-2018,Kg,110,120,115
131165,Ginger,30-12-2018,Kg,110,120,115
131233,Ginger,31-12-2018,Kg,110,120,115
131302,Ginger,01-01-2019,Kg,110,120,115
131368,Ginger,02-01-2019,Kg,110,120,115
131436,Ginger,03-01-2019,Kg,110,120,115
131504,Ginger,04-01-2019,Kg,110,120,115
131572,Ginger,05-01-2019,Kg,110,120,115
131640,Ginger,06-01-2019,Kg,110,120,115
131709,Ginger,07-01-2019,Kg,110,120,115
131778,Ginger,08-01-2019,Kg,110,120,115
131846,Ginger,09-01-2019,Kg,110,120,115
131913,Ginger,10-01-2019,Kg,110,120,115
131982,Ginger,11-01-2019,Kg,120,130,125
132051,Ginger,12-01-2019,Kg,120,130,125
132120,Ginger,13-01-2019,Kg,110,120,115
132189,Ginger,14-01-2019,Kg,110,120,115
132258,Ginger,15-01-2019,Kg,110,120,115
132326,Ginger,16-01-2019,Kg,110,120,115
132396,Ginger,17-01-2019,Kg,110,120,115
132466,Ginger,18-01-2019,Kg,110,120,115
132536,Ginger,19-01-2019,Kg,110,120,115
132606,Ginger,20-01-2019,Kg,110,120,115
132676,Ginger,21-01-2019,Kg,110,120,115
132744,Ginger,22-01-2019,Kg,110,120,115
132812,Ginger,23-01-2019,Kg,110,120,115
132880,Ginger,24-01-2019,Kg,110,120,115
132948,Ginger,25-01-2019,Kg,110,120,115
133016,Ginger,26-01-2019,Kg,110,120,115
133084,Ginger,27-01-2019,Kg,110,120,115
133151,Ginger,28-01-2019,Kg,110,120,115
133218,Ginger,29-01-2019,Kg,110,120,115
133286,Ginger,30-01-2019,Kg,110,120,115
133354,Ginger,31-01-2019,Kg,110,120,115
133422,Ginger,01-02-2019,Kg,110,120,115
133490,Ginger,02-02-2019,Kg,130,140,135
133558,Ginger,03-02-2019,Kg,110,120,115
133627,Ginger,04-02-2019,Kg,130,140,135
133696,Ginger,05-02-2019,Kg,150,160,155
133765,Ginger,06-02-2019,Kg,150,160,155
133833,Ginger,07-02-2019,Kg,150,160,155
133898,Ginger,08-02-2019,Kg,150,160,155
133963,Ginger,09-02-2019,Kg,150,160,155
134026,Ginger,10-02-2019,Kg,150,160,155
134088,Ginger,11-02-2019,Kg,150,160,155
134150,Ginger,12-02-2019,Kg,150,160,155
134213,Ginger,13-02-2019,Kg,150,160,155
134277,Ginger,14-02-2019,Kg,150,160,155
134342,Ginger,15-02-2019,Kg,150,160,155
134406,Ginger,16-02-2019,Kg,150,160,155
134472,Ginger,17-02-2019,Kg,150,160,155
134538,Ginger,18-02-2019,Kg,150,160,155
134603,Ginger,19-02-2019,Kg,150,160,155
134668,Ginger,20-02-2019,Kg,150,160,155
134733,Ginger,21-02-2019,Kg,150,160,155
134798,Ginger,22-02-2019,Kg,150,160,155
134863,Ginger,23-02-2019,Kg,150,160,155
134928,Ginger,24-02-2019,Kg,150,160,155
134993,Ginger,25-02-2019,Kg,150,160,155
135055,Ginger,26-02-2019,Kg,150,160,155
135119,Ginger,27-02-2019,Kg,150,160,155
135184,Ginger,28-02-2019,Kg,150,160,155
135249,Ginger,01-03-2019,Kg,150,160,155
135314,Ginger,02-03-2019,Kg,150,160,155
135377,Ginger,03-03-2019,Kg,150,160,155
135441,Ginger,05-03-2019,Kg,150,160,155
135505,Ginger,06-03-2019,Kg,150,160,155
135569,Ginger,07-03-2019,Kg,150,160,155
135635,Ginger,08-03-2019,Kg,150,160,155
135701,Ginger,09-03-2019,Kg,150,160,155
135767,Ginger,10-03-2019,Kg,150,160,155
135830,Ginger,11-03-2019,Kg,150,160,155
135892,Ginger,12-03-2019,Kg,150,160,155
135955,Ginger,13-03-2019,Kg,150,160,155
136017,Ginger,14-03-2019,Kg,150,160,155
136079,Ginger,15-03-2019,Kg,150,160,155
136143,Ginger,16-03-2019,Kg,140,150,145
136204,Ginger,17-03-2019,Kg,150,160,155
136267,Ginger,18-03-2019,Kg,150,160,155
136326,Ginger,19-03-2019,Kg,150,160,155
136388,Ginger,20-03-2019,Kg,150,160,155
136451,Ginger,21-03-2019,Kg,130,140,135
136513,Ginger,22-03-2019,Kg,140,150,145
136576,Ginger,23-03-2019,Kg,140,150,145
136640,Ginger,24-03-2019,Kg,140,150,145
136705,Ginger,25-03-2019,Kg,140,150,145
136771,Ginger,26-03-2019,Kg,140,150,145
136837,Ginger,27-03-2019,Kg,140,150,145
136904,Ginger,28-03-2019,Kg,140,150,145
136970,Ginger,29-03-2019,Kg,140,150,145
137036,Ginger,30-03-2019,Kg,140,150,145
137102,Ginger,31-03-2019,Kg,140,150,145
137168,Ginger,01-04-2019,Kg,140,150,145
137234,Ginger,02-04-2019,Kg,140,150,145
137302,Ginger,03-04-2019,Kg,140,150,145
137369,Ginger,04-04-2019,Kg,140,150,145
137436,Ginger,05-04-2019,Kg,140,150,145
137503,Ginger,06-04-2019,Kg,140,150,145
137570,Ginger,07-04-2019,Kg,140,150,145
137637,Ginger,08-04-2019,Kg,140,150,145
137703,Ginger,09-04-2019,Kg,140,150,145
137770,Ginger,10-04-2019,Kg,150,160,155
137839,Ginger,11-04-2019,Kg,150,160,155
137906,Ginger,12-04-2019,Kg,150,160,155
137974,Ginger,13-04-2019,Kg,150,160,155
138042,Ginger,14-04-2019,Kg,170,180,175
138110,Ginger,15-04-2019,Kg,150,160,155
138179,Ginger,16-04-2019,Kg,150,160,155
138248,Ginger,17-04-2019,Kg,150,160,155
138316,Ginger,18-04-2019,Kg,150,160,155
138383,Ginger,19-04-2019,Kg,150,160,155
138449,Ginger,20-04-2019,Kg,150,160,155
138513,Ginger,21-04-2019,Kg,150,160,155
138578,Ginger,22-04-2019,Kg,140,150,145
138643,Ginger,23-04-2019,Kg,140,150,145
138708,Ginger,24-04-2019,Kg,140,150,145
138773,Ginger,25-04-2019,Kg,140,150,145
138838,Ginger,26-04-2019,Kg,140,150,145
138902,Ginger,27-04-2019,Kg,160,170,165
138968,Ginger,28-04-2019,Kg,160,170,165
139033,Ginger,29-04-2019,Kg,160,170,165
139098,Ginger,30-04-2019,Kg,160,170,165
139163,Ginger,01-05-2019,Kg,160,170,165
139228,Ginger,02-05-2019,Kg,160,170,165
139293,Ginger,03-05-2019,Kg,160,170,165
139358,Ginger,04-05-2019,Kg,160,170,165
139420,Ginger,05-05-2019,Kg,160,170,165
139484,Ginger,06-05-2019,Kg,160,170,165
139547,Ginger,07-05-2019,Kg,160,170,165
139610,Ginger,08-05-2019,Kg,160,170,165
139673,Ginger,09-05-2019,Kg,160,170,165
139736,Ginger,10-05-2019,Kg,190,200,195
139799,Ginger,11-05-2019,Kg,190,200,195
139863,Ginger,12-05-2019,Kg,190,200,195
139925,Ginger,13-05-2019,Kg,190,200,195
139986,Ginger,14-05-2019,Kg,190,200,195
140047,Ginger,15-05-2019,Kg,190,200,195
140108,Ginger,16-05-2019,Kg,190,200,195
140169,Ginger,17-05-2019,Kg,200,210,205
140231,Ginger,18-05-2019,Kg,200,210,205
140294,Ginger,19-05-2019,Kg,200,220,210
140357,Ginger,20-05-2019,Kg,200,220,210
140420,Ginger,21-05-2019,Kg,200,220,210
140483,Ginger,22-05-2019,Kg,200,220,210
140546,Ginger,23-05-2019,Kg,200,220,210
140609,Ginger,24-05-2019,Kg,200,220,210
140672,Ginger,25-05-2019,Kg,200,220,210
140736,Ginger,26-05-2019,Kg,200,220,210
140801,Ginger,27-05-2019,Kg,190,200,195
140865,Ginger,28-05-2019,Kg,190,200,195
140931,Ginger,29-05-2019,Kg,190,200,195
140995,Ginger,30-05-2019,Kg,190,200,195
141066,Ginger,31-05-2019,Kg,190,200,195
141143,Ginger,01-06-2019,Kg,190,200,195
141216,Ginger,02-06-2019,Kg,190,200,195
141291,Ginger,03-06-2019,Kg,190,200,195
141374,Ginger,04-06-2019,Kg,190,200,195
141458,Ginger,05-06-2019,Kg,190,200,195
141543,Ginger,06-06-2019,Kg,190,200,195
141628,Ginger,07-06-2019,Kg,190,200,195
141709,Ginger,08-06-2019,Kg,190,200,195
141790,Ginger,09-06-2019,Kg,190,200,195
141871,Ginger,10-06-2019,Kg,190,200,195
141952,Ginger,11-06-2019,Kg,190,200,195
142033,Ginger,12-06-2019,Kg,190,200,195
142114,Ginger,13-06-2019,Kg,190,200,195
142195,Ginger,14-06-2019,Kg,190,200,195
142276,Ginger,15-06-2019,Kg,190,200,195
142356,Ginger,16-06-2019,Kg,190,200,195
142436,Ginger,17-06-2019,Kg,190,200,195
142516,Ginger,18-06-2019,Kg,190,200,195
142593,Ginger,19-06-2019,Kg,190,200,195
142671,Ginger,20-06-2019,Kg,190,200,195
142750,Ginger,21-06-2019,Kg,190,200,195
142828,Ginger,22-06-2019,Kg,190,200,195
142907,Ginger,23-06-2019,Kg,190,200,195
142986,Ginger,24-06-2019,Kg,190,200,195
143065,Ginger,25-06-2019,Kg,190,200,195
143145,Ginger,26-06-2019,Kg,190,200,195
143223,Ginger,27-06-2019,Kg,190,200,195
143302,Ginger,28-06-2019,Kg,190,200,195
143381,Ginger,29-06-2019,Kg,190,200,195
143461,Ginger,30-06-2019,Kg,190,200,195
143541,Ginger,01-07-2019,Kg,190,200,195
143621,Ginger,02-07-2019,Kg,190,200,195
143702,Ginger,03-07-2019,Kg,190,200,195
143782,Ginger,04-07-2019,Kg,190,200,195
143862,Ginger,05-07-2019,Kg,190,200,195
143940,Ginger,06-07-2019,Kg,190,200,195
144015,Ginger,07-07-2019,Kg,190,200,195
144093,Ginger,08-07-2019,Kg,190,200,195
144170,Ginger,09-07-2019,Kg,190,200,195
144247,Ginger,10-07-2019,Kg,190,200,195
144324,Ginger,11-07-2019,Kg,190,200,195
144401,Ginger,12-07-2019,Kg,190,200,195
144472,Ginger,13-07-2019,Kg,190,200,195
144547,Ginger,14-07-2019,Kg,190,200,195
144623,Ginger,15-07-2019,Kg,190,200,195
144698,Ginger,16-07-2019,Kg,190,200,195
144775,Ginger,17-07-2019,Kg,190,200,195
144853,Ginger,18-07-2019,Kg,190,200,195
144930,Ginger,19-07-2019,Kg,190,200,195
145008,Ginger,20-07-2019,Kg,230,240,235
145087,Ginger,21-07-2019,Kg,230,240,235
145166,Ginger,22-07-2019,Kg,230,240,235
145246,Ginger,23-07-2019,Kg,230,240,235
145326,Ginger,24-07-2019,Kg,230,240,235
145407,Ginger,25-07-2019,Kg,230,240,235
145487,Ginger,26-07-2019,Kg,230,240,235
145567,Ginger,27-07-2019,Kg,230,240,235
145645,Ginger,28-07-2019,Kg,230,240,235
145721,Ginger,29-07-2019,Kg,230,240,235
145798,Ginger,30-07-2019,Kg,230,240,235
145875,Ginger,31-07-2019,Kg,230,240,235
145952,Ginger,01-08-2019,Kg,220,230,225
146027,Ginger,02-08-2019,Kg,220,230,225
146103,Ginger,03-08-2019,Kg,220,230,225
146179,Ginger,04-08-2019,Kg,220,230,225
146255,Ginger,05-08-2019,Kg,120,130,125
146332,Ginger,06-08-2019,Kg,220,230,225
146409,Ginger,07-08-2019,Kg,220,230,225
146486,Ginger,08-08-2019,Kg,220,230,225
146562,Ginger,09-08-2019,Kg,220,230,225
146638,Ginger,10-08-2019,Kg,220,230,225
146713,Ginger,11-08-2019,Kg,220,230,225
146788,Ginger,12-08-2019,Kg,220,230,225
146863,Ginger,13-08-2019,Kg,220,230,225
146937,Ginger,14-08-2019,Kg,220,230,225
147011,Ginger,15-08-2019,Kg,220,230,225
147084,Ginger,16-08-2019,Kg,220,230,225
147154,Ginger,17-08-2019,Kg,220,230,225
147227,Ginger,18-08-2019,Kg,220,230,225
147302,Ginger,19-08-2019,Kg,220,230,225
147375,Ginger,20-08-2019,Kg,220,230,225
147447,Ginger,21-08-2019,Kg,220,230,225
147521,Ginger,22-08-2019,Kg,220,230,225
147595,Ginger,23-08-2019,Kg,220,230,225
147669,Ginger,24-08-2019,Kg,220,230,225
147742,Ginger,25-08-2019,Kg,220,230,225
147816,Ginger,26-08-2019,Kg,220,230,225
147890,Ginger,27-08-2019,Kg,220,230,225
147964,Ginger,28-08-2019,Kg,220,230,225
148038,Ginger,29-08-2019,Kg,120,130,125
148111,Ginger,30-08-2019,Kg,220,230,225
148184,Ginger,31-08-2019,Kg,220,230,225
148257,Ginger,01-09-2019,Kg,220,230,225
148329,Ginger,02-09-2019,Kg,220,230,225
148399,Ginger,03-09-2019,Kg,220,230,225
148470,Ginger,04-09-2019,Kg,220,230,225
148541,Ginger,05-09-2019,Kg,220,230,225
148616,Ginger,06-09-2019,Kg,220,230,225
148691,Ginger,07-09-2019,Kg,220,230,225
148765,Ginger,08-09-2019,Kg,220,230,225
148838,Ginger,09-09-2019,Kg,220,230,225
148911,Ginger,10-09-2019,Kg,220,230,225
148984,Ginger,11-09-2019,Kg,220,230,225
149057,Ginger,12-09-2019,Kg,220,230,225
149129,Ginger,13-09-2019,Kg,220,230,225
149201,Ginger,14-09-2019,Kg,220,230,225
149272,Ginger,15-09-2019,Kg,220,230,225
149344,Ginger,16-09-2019,Kg,190,200,195
149417,Ginger,17-09-2019,Kg,190,200,195
149476,Ginger,18-09-2019,Kg,190,200,195
149538,Ginger,19-09-2019,Kg,190,200,195
149606,Ginger,20-09-2019,Kg,190,200,195
149678,Ginger,21-09-2019,Kg,190,200,195
149749,Ginger,22-09-2019,Kg,190,200,195
149820,Ginger,23-09-2019,Kg,190,200,195
149890,Ginger,24-09-2019,Kg,190,200,195
149960,Ginger,25-09-2019,Kg,190,200,195
150032,Ginger,26-09-2019,Kg,160,170,165
150104,Ginger,27-09-2019,Kg,150,160,155
150174,Ginger,28-09-2019,Kg,150,160,155
150245,Ginger,29-09-2019,Kg,150,160,155
150315,Ginger,30-09-2019,Kg,150,160,155
150383,Ginger,01-10-2019,Kg,150,160,155
150450,Ginger,02-10-2019,Kg,190,200,195
150519,Ginger,03-10-2019,Kg,190,200,195
150588,Ginger,04-10-2019,Kg,190,200,195
150655,Ginger,05-10-2019,Kg,190,200,195
150724,Ginger,06-10-2019,Kg,190,200,195
150788,Ginger,07-10-2019,Kg,270,280,275
150852,Ginger,08-10-2019,Kg,140,150,145
150917,Ginger,09-10-2019,Kg,240,250,245
150980,Ginger,10-10-2019,Kg,240,250,245
151046,Ginger,11-10-2019,Kg,190,200,195
151113,Ginger,12-10-2019,Kg,190,200,195
151179,Ginger,13-10-2019,Kg,190,200,195
151250,Ginger,14-10-2019,Kg,190,200,195
151320,Ginger,15-10-2019,Kg,190,200,195
151390,Ginger,16-10-2019,Kg,150,160,155
151458,Ginger,17-10-2019,Kg,150,160,155
151528,Ginger,18-10-2019,Kg,150,160,155
151598,Ginger,19-10-2019,Kg,140,150,145
151667,Ginger,20-10-2019,Kg,150,160,155
151734,Ginger,21-10-2019,Kg,150,160,155
151802,Ginger,22-10-2019,Kg,150,160,155
151873,Ginger,23-10-2019,Kg,150,160,155
151944,Ginger,24-10-2019,Kg,150,160,155
152018,Ginger,25-10-2019,Kg,150,160,155
152092,Ginger,26-10-2019,Kg,150,160,155
152164,Ginger,27-10-2019,Kg,140,150,145
152238,Ginger,28-10-2019,Kg,140,150,145
152306,Ginger,29-10-2019,Kg,140,150,145
152363,Ginger,30-10-2019,Kg,140,150,145
152428,Ginger,31-10-2019,Kg,140,150,145
152496,Ginger,01-11-2019,Kg,140,150,145
152567,Ginger,02-11-2019,Kg,140,150,145
152639,Ginger,03-11-2019,Kg,140,150,145
152712,Ginger,04-11-2019,Kg,140,150,145
152787,Ginger,05-11-2019,Kg,140,150,145
152864,Ginger,06-11-2019,Kg,140,150,145
152942,Ginger,07-11-2019,Kg,140,150,145
153021,Ginger,08-11-2019,Kg,140,150,145
153100,Ginger,09-11-2019,Kg,140,150,145
153180,Ginger,10-11-2019,Kg,140,150,145
153260,Ginger,11-11-2019,Kg,140,150,145
153341,Ginger,12-11-2019,Kg,140,150,145
153422,Ginger,13-11-2019,Kg,140,150,145
153504,Ginger,14-11-2019,Kg,140,150,145
153587,Ginger,15-11-2019,Kg,140,150,145
153668,Ginger,16-11-2019,Kg,140,150,145
153750,Ginger,17-11-2019,Kg,140,150,145
153833,Ginger,18-11-2019,Kg,140,150,145
153917,Ginger,19-11-2019,Kg,140,150,145
154001,Ginger,20-11-2019,Kg,140,150,145
154083,Ginger,21-11-2019,Kg,140,150,145
154166,Ginger,22-11-2019,Kg,140,150,145
154250,Ginger,23-11-2019,Kg,140,150,145
154332,Ginger,24-11-2019,Kg,120,130,125
154415,Ginger,25-11-2019,Kg,120,130,125
154498,Ginger,26-11-2019,Kg,120,130,125
154582,Ginger,27-11-2019,Kg,120,130,125
154666,Ginger,28-11-2019,Kg,120,130,125
154750,Ginger,29-11-2019,Kg,120,130,125
154834,Ginger,30-11-2019,Kg,120,130,125
154916,Ginger,01-12-2019,Kg,120,130,125
154997,Ginger,02-12-2019,Kg,120,130,125
155079,Ginger,03-12-2019,Kg,110,120,115
155159,Ginger,04-12-2019,Kg,110,120,115
155240,Ginger,05-12-2019,Kg,110,120,115
155324,Ginger,06-12-2019,Kg,110,120,115
155406,Ginger,07-12-2019,Kg,110,120,115
155489,Ginger,08-12-2019,Kg,110,120,115
155572,Ginger,09-12-2019,Kg,100,115,107.5
155655,Ginger,10-12-2019,Kg,110,120,115
155740,Ginger,11-12-2019,Kg,110,120,115
155823,Ginger,12-12-2019,Kg,110,120,115
155905,Ginger,13-12-2019,Kg,110,120,115
155988,Ginger,14-12-2019,Kg,110,120,115
156071,Ginger,15-12-2019,Kg,110,120,115
156155,Ginger,16-12-2019,Kg,110,120,115
156241,Ginger,17-12-2019,Kg,110,120,115
156326,Ginger,18-12-2019,Kg,110,120,115
156411,Ginger,19-12-2019,Kg,110,120,115
156496,Ginger,20-12-2019,Kg,110,120,115
156580,Ginger,21-12-2019,Kg,110,120,115
156664,Ginger,22-12-2019,Kg,110,120,115
156747,Ginger,23-12-2019,Kg,110,120,115
156830,Ginger,24-12-2019,Kg,110,120,115
156915,Ginger,25-12-2019,Kg,110,120,115
156999,Ginger,26-12-2019,Kg,110,120,115
157085,Ginger,27-12-2019,Kg,110,120,115
157171,Ginger,28-12-2019,Kg,110,120,115
157256,Ginger,29-12-2019,Kg,110,120,115
157341,Ginger,30-12-2019,Kg,110,120,115
157426,Ginger,31-12-2019,Kg,110,120,115
,,,,,,
,,,,,,
,,,,,,
,,,,,,
,,,,,,
,,,,,,
,,,,,,
,,,,,,
,,,,,,
,,,,,,
,,,,,,
,,,,,,
,,,,,,
,,,,,,
,,,,,,
,,,,,,
,,,,,,
,,,,,,
,,,,,,
,,,,,,
,,,,,,
,,,,,,
,,,,,,
,,,,,,
,,,,,,
,,,,,,
,,,,,,
,,,,,,
,,,,,,
,,,,,,
,,,,,,
,,,,,,
,,,,,,
,,,,,,
,,,,,,
,,,,,,
,,,,,,
,,,,,,
,,,,,,
,,,,,,
,,,,,,
,,,,,,
,,,,,,
,,,,,,
,,,,,,
,,,,,,
,,,,,,
,,,,,,
,,,,,,
,,,,,,
,,,,,,
,,,,,,
,,,,,,
,,,,,,
,,,,,,
,,,,,,
,,,,,,
,,,,,,
,,,,,,
,,,,,,
,,,,,,
,,,,,,
,,,,,,
,,,,,,
,,,,,,
,,,,,,
,,,,,,
,,,,,,
,,,,,,
,,,,,,
,,,,,,
,,,,,,
,,,,,,
,,,,,,
,,,,,,
,,,,,,
,,,,,,
,,,,,,
,,,,,,
,,,,,,
,,,,,,
,,,,,,
,,,,,,
,,,,,,
,,,,,,
,,,,,,
,,,,,,
,,,,,,
,,,,,,
,,,,,,
,,,,,,
,,,,,,
,,,,,,
,,,,,,
,,,,,,
,,,,,,
,,,,,,
,,,,,,
,,,,,,
,,,,,,
,,,,,,
,,,,,,
,,,,,,
,,,,,,
,,,,,,
,,,,,,
,,,,,,
,,,,,,
,,,,,,
,,,,,,
,,,,,,
,,,,,,
,,,,,,
,,,,,,
,,,,,,
,,,,,,
,,,,,,
,,,,,,
,,,,,,
,,,,,,
,,,,,,
,,,,,,
,,,,,,
,,,,,,
,,,,,,
,,,,,,
,,,,,,
,,,,,,
,,,,,,
,,,,,,
,,,,,,
,,,,,,
,,,,,,
,,,,,,
,,,,,,
,,,,,,
,,,,,,
,,,,,,
,,,,,,
,,,,,,
,,,,,,
,,,,,,
,,,,,,
,,,,,,
,,,,,,
,,,,,,
,,,,,,
,,,,,,
,,,,,,
,,,,,,
,,,,,,
,,,,,,
,,,,,,
,,,,,,
,,,,,,
,,,,,,
,,,,,,
,,,,,,
,,,,,,
,,,,,,
,,,,,,
,,,,,,
,,,,,,
,,,,,,
,,,,,,
,,,,,,
,,,,,,
,,,,,,
,,,,,,
,,,,,,
,,,,,,
,,,,,,
,,,,,,
,,,,,,
,,,,,,
,,,,,,
,,,,,,
,,,,,,
,,,,,,
,,,,,,
,,,,,,
,,,,,,
,,,,,,
,,,,,,
,,,,,,
,,,,,,
,,,,,,
,,,,,,
,,,,,,
,,,,,,
,,,,,,
,,,,,,
,,,,,,
,,,,,,
,,,,,,
,,,,,,
,,,,,,
,,,,,,
,,,,,,
,,,,,,
,,,,,,
,,,,,,
,,,,,,
,,,,,,
,,,,,,
,,,,,,
,,,,,,
,,,,,,
,,,,,,
,,,,,,
,,,,,,
,,,,,,
,,,,,,
,,,,,,
,,,,,,
,,,,,,
,,,,,,
,,,,,,
,,,,,,
,,,,,,
,,,,,,
,,,,,,
,,,,,,
,,,,,,
,,,,,,
,,,,,,
,,,,,,
,,,,,,
,,,,,,
,,,,,,
,,,,,,
,,,,,,
,,,,,,
,,,,,,
,,,,,,
,,,,,,
,,,,,,
,,,,,,
,,,,,,
,,,,,,
,,,,,,
,,,,,,
,,,,,,
,,,,,,
,,,,,,
,,,,,,
,,,,,,
,,,,,,
,,,,,,
,,,,,,
,,,,,,
,,,,,,
,,,,,,
,,,,,,
,,,,,,
,,,,,,
,,,,,,
,,,,,,
,,,,,,
,,,,,,
,,,,,,
,,,,,,
,,,,,,
,,,,,,
,,,,,,
,,,,,,
,,,,,,
,,,,,,
,,,,,,
,,,,,,
,,,,,,
,,,,,,
,,,,,,
,,,,,,
,,,,,,
,,,,,,
,,,,,,
,,,,,,
,,,,,,
,,,,,,
,,,,,,
,,,,,,
,,,,,,
,,,,,,
,,,,,,
,,,,,,
,,,,,,
,,,,,,
,,,,,,
,,,,,,
,,,,,,
,,,,,,
,,,,,,
,,,,,,
,,,,,,
,,,,,,
,,,,,,
,,,,,,
,,,,,,
,,,,,,
,,,,,,
,,,,,,
,,,,,,
,,,,,,
,,,,,,
,,,,,,
,,,,,,
,,,,,,
,,,,,,
,,,,,,
,,,,,,
,,,,,,
,,,,,,
,,,,,,
,,,,,,
,,,,,,
,,,,,,
,,,,,,
,,,,,,
,,,,,,
,,,,,,
,,,,,,
,,,,,,
,,,,,,
,,,,,,
,,,,,,
,,,,,,
,,,,,,
,,,,,,
,,,,,,
,,,,,,
,,,,,,
,,,,,,
,,,,,,
,,,,,,
,,,,,,
,,,,,,
,,,,,,
,,,,,,
,,,,,,
,,,,,,
,,,,,,
,,,,,,
,,,,,,
,,,,,,
,,,,,,
,,,,,,
,,,,,,
,,,,,,
,,,,,,
,,,,,,
,,,,,,
,,,,,,
,,,,,,
,,,,,,
,,,,,,
,,,,,,
,,,,,,
,,,,,,
,,,,,,
,,,,,,
,,,,,,
,,,,,,
,,,,,,
,,,,,,
,,,,,,
,,,,,,
,,,,,,
,,,,,,
,,,,,,
,,,,,,
,,,,,,
,,,,,,
,,,,,,
,,,,,,
,,,,,,
,,,,,,
,,,,,,
,,,,,,
,,,,,,
,,,,,,
,,,,,,
,,,,,,
,,,,,,
,,,,,,
,,,,,,
,,,,,,
,,,,,,
,,,,,,
,,,,,,
,,,,,,
,,,,,,
,,,,,,
,,,,,,
,,,,,,
,,,,,,
,,,,,,
,,,,,,
,,,,,,
,,,,,,
,,,,,,
,,,,,,
,,,,,,
,,,,,,
,,,,,,
,,,,,,
,,,,,,
,,,,,,
,,,,,,
,,,,,,
,,,,,,
,,,,,,
,,,,,,
,,,,,,
,,,,,,
,,,,,,
,,,,,,
,,,,,,
,,,,,,
,,,,,,
,,,,,,
,,,,,,
,,,,,,
,,,,,,
,,,,,,
,,,,,,
,,,,,,
,,,,,,
,,,,,,
,,,,,,
,,,,,,
,,,,,,
,,,,,,
,,,,,,
,,,,,,
,,,,,,
,,,,,,
,,,,,,
,,,,,,
,,,,,,
,,,,,,
,,,,,,
,,,,,,
,,,,,,
,,,,,,
,,,,,,
,,,,,,
,,,,,,
,,,,,,
,,,,,,
,,,,,,
,,,,,,
,,,,,,
,,,,,,
,,,,,,
,,,,,,
,,,,,,
,,,,,,
,,,,,,
,,,,,,
,,,,,,
,,,,,,
,,,,,,
,,,,,,
,,,,,,
,,,,,,
,,,,,,
,,,,,,
,,,,,,
,,,,,,
,,,,,,
,,,,,,
,,,,,,
,,,,,,
,,,,,,
,,,,,,
,,,,,,
,,,,,,
,,,,,,
,,,,,,
,,,,,,
,,,,,,
,,,,,,
,,,,,,
,,,,,,
,,,,,,
,,,,,,
,,,,,,
,,,,,,
